feature,fold_01,fold_02,fold_03,mean_importance,min_importance,selection_group
pointer_move_mean,1.6672384980661772,2.4973499581032907,2.9515522104516645,2.3720468888737107,1.6672384980661772,importance
events_per_active_minute,3.002765447030491,1.549568371741616,2.452742836378412,2.33502555171684,1.549568371741616,importance
session_15m_span_max,1.9812104421492664,1.875046968432188,1.4234328970560128,1.759896769212489,1.4234328970560128,importance
interval_positive_min,1.9794420951072729,1.5918546728457568,1.66278052705131,1.7446924316681132,1.5918546728457568,importance
pointer_x_std,2.0574605417190788,1.6418789554930902,1.3704864433161392,1.6899419801761029,1.3704864433161392,importance
interval_share_le_60s,0.3779428816307408,1.5263928263802802,2.7915407541788184,1.5652921540632798,0.3779428816307408,importance
pointer_y_std,1.809315805805932,1.6362347783899698,1.231027690722684,1.558859424972862,1.231027690722684,domain
fast_run_le_30s,1.5843251526544602,1.5725964469968226,1.4833819089456202,1.5467678361989676,1.4833819089456202,importance
pointer_zero_share,1.7307415586769468,1.511248302019558,1.28312173857454,1.508370533090348,1.28312173857454,importance
session_30m_span_mean,1.407578555915157,1.2127791075852037,1.239931856592369,1.2867631733642433,1.2127791075852037,importance
interval_share_le_30s,1.3344695867770089,1.276933691577963,1.0643156612964804,1.225239646550484,1.0643156612964804,importance
session_15m_span_mean,1.2135577012856404,1.198569976379872,1.213704893302634,1.208610856989382,1.198569976379872,importance
item_unique_share,1.1187846961009196,1.5384377601782957,0.93809397768153,1.1984388113202484,0.93809397768153,importance
interval_q75,0.8062396762137644,1.6974289266538,0.9947403663505912,1.1661363230727184,0.8062396762137644,importance
category_entropy,1.490062775432031,0.3488629098600937,1.394580382083123,1.0778353557917493,0.3488629098600937,importance
interval_q25,0.7274434337099686,1.378445471962903,1.0417953850013846,1.0492280968914187,0.7274434337099686,importance
category_unique,0.8479791433663257,1.0843561562299806,1.195800432564734,1.0427119107203469,0.8479791433663257,importance
items_per_category,0.9730645777073852,0.8603156870918213,1.1441097127620683,0.9924966591870916,0.8603156870918213,importance
search_page_mean,0.6814746115218638,1.0090907053947653,0.9835620411244096,0.8913757860136796,0.6814746115218638,importance
search_page_gt_3_share,1.1738417213417156,0.7667538518254313,0.6234490256945157,0.8546815329538875,0.6234490256945157,importance
location_singletons,0.5666329194424213,0.8011666833315989,1.1185007115728598,0.82876677144896,0.5666329194424213,importance
pointer_unique_y,1.571487294561827,0.4266220347963827,0.3621207486941918,0.7867433593508005,0.3621207486941918,importance
interval_min,1.1119588890330097,0.6306411624884144,0.6064688291094845,0.7830229602103028,0.6064688291094845,importance
pointer_box_area,1.2822134286799485,0.001989162565945,1.0436208611866096,0.7759411508108344,0.001989162565945,importance
interval_mad,0.5648805681840234,0.7333197730593678,0.9782320383283546,0.758810793190582,0.5648805681840234,importance
interval_q90_to_median,0.8668905229606225,0.5263869194826852,0.860746238500625,0.7513412269813108,0.5263869194826852,importance
cookie_age_hours,0.9433599254906468,0.6201880597264182,0.4955227646102228,0.686356916609096,0.4955227646102228,importance
log_category_nunique,0.0,1.6233807090868728,0.4164510439745031,0.6799439176871253,0.0,importance
category_top3_share,0.5064343008464254,0.0,1.523367515151716,0.6766006053327137,0.0,importance
events_per_item,0.7679275296215744,0.5663509136155181,0.6312763790035728,0.6551849407468885,0.5663509136155181,domain
pointer_x_range,0.3056897689107835,0.2124350363726773,1.394068445677812,0.6373977503204242,0.2124350363726773,importance
pointer_path_length,1.129967563281338,0.7389424041454316,0.0,0.6229699891422565,0.0,importance
pointer_edge_share,0.51449201392686,1.1606017983900727,0.1487214624511625,0.6079384249226985,0.1487214624511625,importance
log_cookie_age,0.4699660863841461,0.7623710488978809,0.5589016169371185,0.5970795840730485,0.4699660863841461,importance
item_view_timing_gap_median,0.6919068172238688,0.587515391765568,0.4750580124015653,0.5848267404636673,0.4750580124015653,importance
interval_share_gt_5m,0.6401127294371037,0.4922975426692179,0.4946360105658173,0.542348760890713,0.4922975426692179,importance
events_per_category,0.4941907560226348,0.8555204802435659,0.2700789084171064,0.539930048227769,0.2700789084171064,domain
search_page_q90,0.5238265719296034,0.6289168484133009,0.4517106273166859,0.53481801588653,0.4517106273166859,importance
search_page_median,0.7532658231912873,0.2755777674717033,0.4987012407959039,0.5091816104862982,0.2755777674717033,domain
single_event_item_share,0.3678870499323268,0.4011123868182654,0.7559337139792309,0.5083110502432744,0.3678870499323268,domain
item_entropy,0.7612353883010943,0.17353381157726,0.4236501991667049,0.4528064663483531,0.17353381157726,domain
interval_iqr,0.7869490335278033,0.4181205137089785,0.0989604094650193,0.4346766522339337,0.0989604094650193,domain
events_on_item_mean,0.3112686960463399,0.2670636041175023,0.5968989171071211,0.3917437390903211,0.2670636041175023,importance
fast_run_le_60s,0.6735362080858311,0.3156885216966452,0.149141517417495,0.3794554157333238,0.149141517417495,importance
location_top3_share,0.5628903534205041,0.3351785837771091,0.2259362294859159,0.3746683888945097,0.2259362294859159,domain
positive_interval_nunique_share,0.4015358619995939,0.4382538483615944,0.2763023491119633,0.3720306864910506,0.2763023491119633,domain
location_unique_share,0.4789988763551248,0.0665609655314502,0.3705626761311248,0.3053741726725666,0.0665609655314502,importance
session_30m_size_mean,0.2184495801875058,0.2853068576444184,0.3820257522692099,0.2952607300337114,0.2184495801875058,domain
interval_q90,0.2417279691512925,0.3743152976748681,0.2277387858817872,0.2812606842359826,0.2277387858817872,importance
pointer_x_median,0.1207290705197534,0.002495375459391,0.5895815714253229,0.2376020058014891,0.002495375459391,importance
category_same_next_share,0.1180510377149472,0.0523976134932257,0.3141791524735733,0.1615426012272487,0.0523976134932257,domain
location_nunique,0.1803691313782272,0.1274245144908508,0.0,0.1025978819563593,0.0,domain
