feature,importance
item_history_rate_q75,5.186737474549238
events_per_active_minute,3.4912528258116824
fast_run_le_30s,3.13265164584532
pointer_x_std,2.6268303633789376
interval_q25,2.4386363290049053
pointer_count,2.4071001262483933
items_per_category,2.216759360221531
pointer_zero_share,2.1395704556380872
pointer_move_mean,2.010673305116413
item_unique_share,1.8856974862717355
category_concentration,1.84073635379651
pointer_plus_y_multiple_5_share,1.7261023489637553
interval_q75,1.6990841926844853
interval_positive_min,1.67582413666614
pointer_plus_distance_max,1.6075534171807193
category_unique,1.5714306903667554
search_page_gt_3_share,1.5349389251182102
pointer_plus_distance_mean,1.5004692118866747
item_history_rate_top3_mean,1.469744951738024
session_15m_span_max,1.4584148333882747
location_singletons,1.3999820170838937
events_per_category,1.3913846853461838
item_history_rate_mean,1.3349019123687338
session_15m_span_mean,1.3113675113970495
session_30m_span_mean,1.2403542729716703
category_longest_run,1.206290709226196
pointer_plus_count,1.201011277664837
pointer_plus_distance_q90,1.1786907613131277
interval_share_le_60s,1.114015652203259
events_per_location,1.1101057218156896
pointer_plus_y_multiple_10_share,0.9460288030347808
missing_pointer_x_share__item_view,0.9262959579264952
pointer_unique_points,0.9075938562404514
pointer_plus_x_multiple_10_share,0.8423150071938148
sequence_moment_count,0.825126394746763
item_view_timing_gap_median,0.8035146710087421
pointer_move_median,0.8024292420373176
search_page_q90,0.7683688034602882
ua_text_hash_090,0.748740413856689
log_cookie_age,0.7367433096869418
category_nunique,0.7350290423179533
interval_mad,0.7082687647900858
search_page_mean,0.7079269510940892
cookie_age_hours,0.6553798071329829
interval_iqr,0.6546240410658448
interval_q90_to_median,0.6031733044905702
events_per_item,0.5952446914388585
interval_share_gt_5m,0.5884396739338765
sequence_transition_hash_115,0.5500100789195773
transition_share_item_view__seller_page_view,0.5329063025370196
interval_min,0.5218066086329396
query_text_hash_088,0.4771379980168361
query_text_hash_011,0.4621353671266546
query_text_hash_079,0.442442608371793
single_event_item_share,0.4278304353681669
missing_pointer_y_share__item_view,0.39368711508693655
sequence_transition_repeat_share,0.38363089056596306
interval_q10,0.37591612446632894
share_location_moskva,0.3477474498270866
pointer_plus_abs_acceleration_median,0.3401169075608171
positive_interval_nunique_share,0.33637359399264094
sequence_trigram_hash_072,0.3361563543756909
session_30m_span_max,0.3291588179559267
sequence_transition_hash_096,0.3267748234632933
interval_share_le_30s,0.3138455217934655
sequence_transition_hash_035,0.3044158452001016
missing_pointer_x_share__search_results_view,0.3020837373306661
pointer_plus_speed_q10,0.2957153228476751
sequence_transition_entropy,0.29534947574429155
query_text_hash_054,0.29255870027466574
pointer_edge_share,0.28996749566959734
sequence_transition_hash_095,0.2765229269319486
ua_text_hash_011,0.2688485655150673
sequence_transition_hash_079,0.254061661797581
sequence_transition_hash_081,0.2530645282096831
sequence_transition_hash_070,0.24652662375807818
sequence_longest_same_moment_run,0.2440816452799155
sequence_trigram_hash_090,0.24260789843829014
query_text_hash_066,0.23762932136489143
sequence_transition_hash_124,0.2370422319984341
pointer_plus_large_jump_share,0.23315224143885627
query_text_hash_069,0.2319754105025288
sequence_transition_hash_105,0.2261422542384354
pointer_plus_search_results_view_y_mean,0.21762186775005685
sequence_transition_nunique,0.21272853702514155
pointer_plus_abs_turn_median,0.20944066749644005
sequence_trigram_hash_104,0.20655725784988113
sequence_trigram_hash_107,0.20484299178313864
pointer_plus_speed_max,0.19701133646700356
sequence_transition_hash_062,0.19694318908162212
pointer_plus_item_view_x_mean,0.19491573904377837
sequence_transition_hash_061,0.19118084339095764
query_text_hash_062,0.18895570938335962
sequence_transition_hash_020,0.1852035677056897
sequence_trigram_hash_101,0.18500646353962952
frequency_main_location,0.18444449206732583
pointer_plus_distance_median,0.17814620977647333
ua_text_hash_088,0.17794483306884135
sequence_transition_hash_126,0.17490709507161573
sequence_trigram_hash_093,0.1635712316243288
sequence_transition_hash_018,0.16041560088434842
sequence_transition_hash_012,0.157151222111267
ua_text_hash_013,0.15054973752397632
sequence_transition_hash_113,0.14958626141119616
ua_text_hash_003,0.14725640695905942
sequence_transition_hash_094,0.14643543387264424
sequence_trigram_hash_030,0.14579323231715374
query_text_hash_004,0.14457897184858728
query_text_hash_031,0.14379099911692345
sequence_trigram_hash_054,0.14180638588533012
pointer_plus_abs_turn_q10,0.14159472086894428
sequence_transition_hash_050,0.14063029162980106
query_text_hash_082,0.13885696479551035
query_text_hash_037,0.1369200777155145
ua_text_hash_016,0.13645342632451224
query_text_hash_058,0.13566091992253895
query_text_hash_030,0.13333508881444936
pointer_y_std,0.1326157378485291
sequence_transition_hash_038,0.13112208875059084
sequence_trigram_hash_059,0.12661285777304496
ua_text_hash_070,0.12481405206318279
sequence_trigram_hash_046,0.1239149913428234
sequence_trigram_hash_044,0.12281771296158313
sequence_trigram_hash_040,0.12221763288982597
query_text_hash_046,0.1196135527750884
ua_text_hash_034,0.11942931981966383
sequence_trigram_hash_126,0.11838831382910156
sequence_transition_hash_058,0.11755550427013792
sequence_trigram_hash_038,0.11650081962009284
query_text_digit_share,0.11308357876767981
sequence_transition_hash_089,0.11103482927215001
ua_text_hash_082,0.1080290450697594
sequence_transition_hash_039,0.10786873555935585
sequence_trigram_hash_086,0.10769496838289598
pointer_center_share,0.10636499430503525
ua_text_hash_078,0.10590626229713769
sequence_transition_hash_013,0.1045647096900335
sequence_transition_hash_053,0.10376082282190228
missing_seller_type_share__contact_phone_show,0.10073448143675544
ua_text_hash_027,0.09983988082905267
query_text_hash_083,0.09952067442148638
ua_text_hash_057,0.09908904207436864
ua_text_hash_025,0.09845292007302325
query_text_hash_093,0.09807427260820938
sequence_transition_hash_027,0.09710258960430047
ua_text_hash_084,0.09686904149298174
pointer_plus_favorite_add_y_mean,0.09667221453036225
item_history_count_mean,0.09595852783540354
query_text_hash_048,0.09435651647180082
sequence_transition_hash_024,0.09248058028328565
sequence_transition_hash_068,0.09219703208337994
sequence_trigram_hash_080,0.09067737094956943
ua_text_hash_091,0.0895173179879557
sequence_transition_hash_099,0.08608508763024678
pointer_plus_distance_q10,0.08600233766783652
pointer_plus_abs_acceleration_q10,0.08376132351636138
sequence_transition_hash_120,0.08206285400293391
ua_text_hash_039,0.08043594668300724
query_text_hash_065,0.08009664360923024
query_text_hash_024,0.07995154881658853
ua_text_hash_092,0.07968794257716343
ua_text_hash_012,0.07890904811531951
item_history_seen_share,0.07847591495884011
sequence_transition_hash_125,0.0775069089882486
sequence_transition_hash_040,0.07711649701934402
ua_text_hash_007,0.07448266165565079
pointer_plus_favorite_add_share,0.0740587499523305
sequence_trigram_hash_023,0.0738354096663225
ua_text_hash_030,0.0734706255943853
ua_text_hash_060,0.0733350070361591
query_text_hash_051,0.07272950654301856
ua_text_hash_050,0.07243009012150889
query_text_hash_050,0.07126532103144068
missing_pointer_y_share__search_results_view,0.07102220273896992
sequence_trigram_hash_032,0.07089411098394581
sequence_transition_hash_101,0.07038614533637941
query_text_hash_059,0.06965468058248554
query_text_hash_007,0.06894076080624607
sequence_trigram_hash_127,0.06763532257472332
ua_text_hash_005,0.06741832804780988
ua_text_hash_009,0.06718218343917416
missing_fields_std,0.06673684636288471
ua_text_hash_043,0.06654971868666995
pointer_plus_contact_phone_show_y_mean,0.06563595455812761
sequence_trigram_hash_092,0.06487343657070173
frequency_category_seller,0.06434431483352639
sequence_trigram_hash_045,0.06360404520286947
query_text_hash_025,0.06147982718662267
query_text_hash_086,0.06106213325843791
missing_item_id_share,0.059842699322860855
missing_pattern_entropy,0.059827326616959095
ua_text_hash_094,0.05921340773812777
query_text_hash_003,0.05860279332188116
sequence_trigram_hash_009,0.05831484763342962
pointer_path_length,0.057813464781473464
sequence_trigram_hash_019,0.057809374413313915
sequence_item_view__seller_page_view,0.05776544120265079
ua_text_hash_071,0.05759896028195105
ua_text_hash_052,0.057077061599379635
sequence_trigram_hash_113,0.05701677853179531
ua_text_hash_032,0.05678168138174773
sequence_transition_hash_037,0.05671289407568044
ua_text_hash_069,0.056270769659083474
sequence_token_entropy,0.05446875764811305
sequence_transition_hash_044,0.05446459557109205
sequence_trigram_hash_029,0.05429260914641365
query_text_hash_039,0.05372714515546053
query_text_hash_085,0.05357143306996071
pointer_plus_speed_q90,0.05258872560244275
sequence_trigram_hash_119,0.052544554927817476
item_history_rate_std,0.051848634082538335
query_text_hash_075,0.05152144176149272
sequence_trigram_hash_068,0.05134614032675555
ua_text_hash_036,0.05098754386890358
query_text_hash_042,0.05062623567535468
query_text_hash_013,0.050502523094825114
query_text_hash_014,0.050397153067295204
sequence_trigram_hash_034,0.05014862255244738
pointer_plus_speed_median,0.04994647512784145
missing_fields_mean,0.0491196718898883
query_text_hash_023,0.049111248918603446
missing_pattern_nunique,0.049097688120202494
ua_text_hash_080,0.04899664734435237
sequence_trigram_hash_117,0.048409954388372214
query_text_hash_020,0.04809731637085572
pointer_plus_photo_swipe_y_mean,0.047600568099001796
query_text_hash_080,0.04655554649610373
sequence_trigram_hash_079,0.04599830412458087
missing_item_category_share__favorite_add,0.0456605295431024
sequence_trigram_hash_075,0.045637324153053424
ua_text_hash_049,0.04474412014163357
query_text_hash_064,0.04465270173018453
sequence_trigram_hash_055,0.044560492797245825
sequence_transition_hash_066,0.0442548629726694
missing_seller_type_share__contact_message_sent,0.04422210353034631
query_text_hash_029,0.04387454858413187
pointer_plus_angle_entropy,0.04309564947767078
sequence_trigram_hash_108,0.04302114076707861
ua_text_hash_045,0.04278190995872927
ua_text_hash_064,0.04269546706785521
sequence_trigram_hash_050,0.042654068253548
ua_text_hash_047,0.04217277061429504
query_text_hash_070,0.04174655939488615
sequence_transition_hash_042,0.04163287337642133
sequence_transition_hash_001,0.0415255285860364
sequence_transition_hash_108,0.041348321206071334
ua_text_hash_002,0.04130496417661764
sequence_transition_hash_006,0.04119553946699727
sequence_trigram_hash_084,0.03999519995340592
sequence_trigram_hash_111,0.03984483837534796
ua_text_hash_061,0.039457603946460695
sequence_transition_hash_127,0.03905912292930492
sequence_trigram_hash_020,0.03898757670371786
sequence_transition_hash_002,0.0388725253815932
sequence_trigram_hash_000,0.037940193079657326
sequence_trigram_hash_061,0.03789968811239438
query_text_hash_033,0.03737548852089119
query_text_hash_028,0.037356475108050166
sequence_transition_hash_056,0.03728913988438159
ua_text_hash_058,0.03700131398702167
sequence_trigram_hash_105,0.036500585561492764
query_text_hash_047,0.036438561700861474
query_text_hash_063,0.03620756862131528
ua_text_hash_023,0.03612379301128398
sequence_transition_hash_078,0.03609344765103198
sequence_trigram_hash_027,0.035774944837781715
ua_text_hash_055,0.03563288808776026
ua_text_hash_024,0.03548069856926972
ua_text_hash_087,0.035314263812738014
sequence_transition_hash_103,0.03525676950311161
ua_text_hash_029,0.03521327061612569
sequence_trigram_hash_037,0.034350686871930484
frequency_main_category,0.03409650751146269
ua_text_hash_053,0.03397462249722752
sequence_transition_hash_085,0.03392522133207652
sequence_trigram_hash_049,0.03313551387543238
missing_seller_type_share__item_view,0.032862024127797804
query_text_hash_040,0.032336414829769254
ua_text_hash_076,0.03203720781624523
sequence_trigram_hash_052,0.03161053602007643
sequence_trigram_hash_083,0.031201516872381495
missing_item_category_share__item_view,0.03118633891945806
ua_text_hash_038,0.030612057535065518
sequence_transition_hash_083,0.030455491223070306
sequence_trigram_hash_078,0.030338279634757128
sequence_transition_hash_087,0.029468588154499244
query_text_hash_052,0.029389028230531366
ua_text_hash_075,0.02921901265257559
sequence_trigram_hash_004,0.02904719074957602
missing_pattern_top_share,0.028762704292318753
sequence_transition_hash_019,0.02837623208390134
sequence_transition_hash_014,0.028278172116637888
sequence_trigram_hash_057,0.02771164427846031
query_text_hash_092,0.027358135286635756
missing_item_location_share__seller_page_view,0.027284124011335925
sequence_transition_hash_121,0.027282555811042747
ua_text_hash_062,0.027193373165810938
sequence_transition_hash_045,0.0271338682494898
sequence_trigram_hash_063,0.026885075193764086
frequency_category_platform,0.026817435996190006
query_text_hash_095,0.026736288114373147
ua_text_length,0.026718022314550793
query_text_hash_084,0.02665743705868826
sequence_trigram_hash_095,0.026170166867540902
query_text_hash_022,0.026139507536182962
sequence_multi_event_moment_share,0.025000211131837743
query_text_hash_035,0.02498458310057866
query_text_hash_044,0.024709395805715396
sequence_transition_hash_060,0.02419951101874845
missing_item_category_share__contact_chat_open,0.02398606226754305
sequence_trigram_hash_031,0.023961835394963167
query_text_hash_006,0.02319691998353665
query_text_hash_021,0.023121938906296408
query_text_hash_072,0.023082466572206833
sequence_transition_hash_016,0.023062372006113763
missing_pointer_y_share__contact_message_sent,0.023058781559048936
sequence_transition_hash_076,0.02219679746095904
ua_text_hash_026,0.022090099812164827
query_text_hash_071,0.021936016438393227
query_text_hash_001,0.021716968352552823
sequence_trigram_hash_076,0.021405469408002566
sequence_transition_hash_110,0.021154733436516304
sequence_trigram_hash_124,0.020917396798549707
sequence_trigram_hash_070,0.020812935407056834
query_text_hash_008,0.020558394590790223
query_text_hash_017,0.020275187348299268
sequence_transition_hash_097,0.020240208556817983
ua_text_hash_086,0.020148031102421655
ua_text_hash_000,0.020133934707086507
ua_text_hash_001,0.019938677214124536
query_text_hash_016,0.019561129980777872
sequence_transition_hash_004,0.01925914874646154
ua_text_hash_010,0.019238352727553105
ua_text_hash_081,0.018984741429903366
pointer_plus_abs_acceleration_q90,0.018875617887603127
ua_text_hash_065,0.018753782490563774
category_platform,0.018231962343098197
sequence_trigram_hash_042,0.018163589142545847
query_text_hash_094,0.01791888012591634
ua_text_digit_share,0.01779749004886287
pointer_plus_seller_page_view_y_mean,0.017760395619300266
pointer_plus_item_view_y_mean,0.017752896330659736
sequence_trigram_hash_089,0.01756773243861202
missing_item_category_share,0.017548484290761973
sequence_transition_hash_074,0.017482429531203485
missing_item_category_share__search_results_view,0.017471781323435222
ua_text_hash_019,0.01736717401521283
query_text_hash_055,0.017243806241738584
query_text_hash_091,0.016893749395604955
query_text_hash_061,0.016892903758420636
sequence_trigram_hash_005,0.016512863848569054
query_text_hash_000,0.01623224923230222
pointer_plus_search_results_view_share,0.01615942574054125
sequence_transition_hash_106,0.015760459046869898
missing_item_location_share,0.015710917069903026
ua_text_hash_021,0.015349034114055268
sequence_trigram_hash_065,0.015304249608604074
ua_text_hash_079,0.014609765831466807
sequence_trigram_hash_043,0.014471044665696878
query_text_hash_090,0.0144293316551979
query_text_hash_038,0.01436602382545433
sequence_trigram_hash_100,0.01415691868486669
ua_text_hash_051,0.01369491465579889
ua_text_hash_022,0.013330694872529617
sequence_transition_hash_116,0.013239309084233396
sequence_trigram_hash_060,0.013206414040682755
pointer_plus_abs_turn_max,0.012834701607766128
sequence_trigram_hash_021,0.012755118536522156
query_text_hash_060,0.012361510855173402
sequence_trigram_hash_091,0.012084296006394251
ua_text_hash_077,0.011759796971023298
sequence_transition_hash_075,0.011609104013120718
sequence_transition_hash_090,0.011589401289319094
ua_text_hash_008,0.01153377237394561
missing_fields_max,0.011466934862585187
query_text_hash_081,0.011405822168819892
query_text_hash_053,0.011261823658063332
ua_text_hash_067,0.01109950296501831
sequence_trigram_hash_062,0.011086731488512348
ua_text_hash_015,0.010888386802513675
ua_text_hash_017,0.010843321641847196
missing_search_page_share,0.010647856704005268
query_text_hash_041,0.010209442207372047
query_text_hash_010,0.00984711239026505
sequence_trigram_hash_047,0.009769536633604801
ua_text_hash_048,0.009768399173137833
sequence_transition_hash_048,0.009688535487455543
pointer_plus_contact_chat_open_x_mean,0.009163437065257433
sequence_trigram_hash_106,0.009156182413904505
main_category,0.009022313159523294
ua_text_hash_028,0.009006330246523241
sequence_transition_hash_098,0.008774342823686596
sequence_trigram_hash_115,0.008762524455243538
query_text_hash_067,0.00859546930257226
query_text_hash_009,0.008423218336547978
sequence_transition_hash_041,0.008035242153137567
sequence_transition_hash_036,0.007452043111982172
main_platform,0.007311602731816128
sequence_trigram_hash_010,0.00717651890332949
sequence_trigram_hash_051,0.006174806657404261
query_text_word_count,0.006022873635853219
sequence_trigram_hash_015,0.005987641368273491
sequence_trigram_hash_121,0.005958890392782503
ua_family,0.00589666678443433
query_text_hash_089,0.005735046779319106
ua_text_hash_095,0.0055845109619173825
ua_text_hash_004,0.005248369548157646
query_text_hash_034,0.004946275605339703
ua_text_hash_073,0.0049161590169255935
ua_text_hash_035,0.004509802672389245
sequence_trigram_hash_088,0.0044505812253825385
sequence_transition_hash_055,0.004203027480744555
sequence_trigram_hash_022,0.00406350573669612
sequence_transition_hash_005,0.004039176207140685
query_text_hash_045,0.003862774097427127
sequence_trigram_hash_002,0.003797302412592263
sequence_item_view__favorite_add,0.0036723709582031873
sequence_trigram_hash_077,0.00364481809282533
sequence_transition_hash_052,0.0036201791784809187
query_text_length,0.0035848749287718884
missing_item_location_share__search_results_view,0.0035618971215629998
frequency_ua_family,0.003546197738318534
sequence_transition_hash_082,0.0034553470750132566
sequence_trigram_hash_097,0.003406188653777005
sequence_trigram_hash_081,0.0033555610009694944
sequence_trigram_hash_073,0.003350683176990211
query_text_hash_076,0.003270487092738066
sequence_trigram_hash_053,0.003215438215294853
query_text_hash_077,0.0031270633868631663
sequence_trigram_hash_024,0.003101600818574214
ua_text_hash_056,0.0030177681878997167
sequence_trigram_hash_048,0.002974260900129068
pointer_plus_distance_std,0.002896858051122371
sequence_trigram_hash_071,0.0028190455801753605
pointer_move_max,0.0025582073158308136
sequence_transition_hash_059,0.002380658277184973
sequence_transition_hash_114,0.0023767959886888995
sequence_transition_hash_071,0.0022280536216287947
sequence_trigram_hash_003,0.002213881784454265
query_text_hash_078,0.002188646689509866
query_text_hash_018,0.002183504090724719
sequence_trigram_hash_016,0.002049227233752056
sequence_trigram_hash_028,0.001894851288365544
query_text_hash_032,0.001761609328310859
query_text_hash_015,0.001743658387672588
sequence_trigram_hash_112,0.0016843538722941273
query_text_hash_073,0.0016393106539858882
query_text_hash_056,0.0015895122538310343
sequence_transition_hash_063,0.001522911234826765
ua_text_hash_068,0.0015033650941433448
sequence_transition_hash_067,0.0014996902646927037
sequence_trigram_hash_066,0.0013927890973005198
sequence_transition_hash_088,0.0013339006554087358
sequence_trigram_hash_099,0.0011568684470084872
pointer_plus_abs_acceleration_max,0.0008834300851404186
pointer_plus_seller_page_view_x_mean,0.0008556567951288112
query_text_hash_049,0.0007737532607099399
query_text_hash_019,0.0007274486738392811
item_history_count_max,0.0006995458751873712
pointer_plus_seller_page_view_count,0.0006940294638025478
main_seller_type,0.000634302843486543
pointer_plus_abs_turn_q90,0.0006305044514018183
pointer_plus_contact_message_sent_y_mean,0.0006058664970747933
ua_text_hash_063,0.00055430488324282
pointer_plus_x_multiple_50_share,0.0005243673987491453
sequence_transition_hash_086,0.0005054028687436371
ua_text_hash_031,0.0003583852437028254
sequence_transition_hash_123,0.0
ua_text_hash_083,0.0
ua_text_hash_085,0.0
ua_text_hash_089,0.0
ua_text_hash_093,0.0
query_text_hash_002,0.0
query_text_hash_005,0.0
sequence_trigram_hash_025,0.0
sequence_transition_hash_010,0.0
sequence_transition_hash_011,0.0
sequence_transition_hash_015,0.0
sequence_transition_hash_017,0.0
sequence_transition_hash_021,0.0
sequence_transition_hash_022,0.0
sequence_transition_hash_023,0.0
sequence_transition_hash_025,0.0
sequence_transition_hash_026,0.0
sequence_transition_hash_028,0.0
sequence_trigram_hash_082,0.0
sequence_trigram_hash_085,0.0
sequence_trigram_hash_087,0.0
sequence_trigram_hash_094,0.0
sequence_trigram_hash_096,0.0
sequence_trigram_hash_098,0.0
sequence_trigram_hash_102,0.0
sequence_trigram_hash_103,0.0
sequence_trigram_hash_109,0.0
sequence_trigram_hash_110,0.0
sequence_trigram_hash_114,0.0
missing_user_agent_share__item_view,0.0
missing_item_id_share__photo_swipe,0.0
missing_item_category_share__photo_swipe,0.0
missing_item_location_share__photo_swipe,0.0
missing_seller_type_share__photo_swipe,0.0
missing_search_query_share__photo_swipe,0.0
missing_search_page_share__photo_swipe,0.0
missing_pointer_x_share__photo_swipe,0.0
missing_pointer_y_share__photo_swipe,0.0
missing_user_agent_share__photo_swipe,0.0
missing_item_id_share__seller_page_view,0.0
missing_item_category_share__seller_page_view,0.0
missing_seller_type_share__seller_page_view,0.0
missing_search_query_share__seller_page_view,0.0
missing_search_page_share__seller_page_view,0.0
missing_pointer_x_share__seller_page_view,0.0
missing_pointer_y_share__seller_page_view,0.0
missing_user_agent_share__seller_page_view,0.0
missing_item_id_share__contact_phone_show,0.0
missing_item_category_share__contact_phone_show,0.0
missing_item_location_share__contact_phone_show,0.0
missing_search_query_share__contact_phone_show,0.0
missing_search_page_share__contact_phone_show,0.0
missing_pointer_x_share__contact_phone_show,0.0
missing_pointer_y_share__contact_phone_show,0.0
missing_user_agent_share__contact_phone_show,0.0
missing_item_id_share__contact_chat_open,0.0
missing_item_location_share__contact_chat_open,0.0
missing_seller_type_share__contact_chat_open,0.0
missing_search_query_share__contact_chat_open,0.0
missing_search_page_share__contact_chat_open,0.0
missing_pointer_x_share__contact_chat_open,0.0
missing_pointer_y_share__contact_chat_open,0.0
missing_user_agent_share__contact_chat_open,0.0
missing_item_id_share__contact_message_sent,0.0
missing_item_category_share__contact_message_sent,0.0
missing_item_location_share__contact_message_sent,0.0
missing_search_query_share__contact_message_sent,0.0
missing_search_page_share__contact_message_sent,0.0
missing_pointer_x_share__contact_message_sent,0.0
missing_user_agent_share__contact_message_sent,0.0
missing_item_id_share__favorite_add,0.0
missing_item_location_share__favorite_add,0.0
missing_seller_type_share__favorite_add,0.0
missing_search_query_share__favorite_add,0.0
pointer_plus_contact_phone_show_count,0.0
pointer_plus_contact_phone_show_share,0.0
pointer_plus_contact_phone_show_x_mean,0.0
pointer_plus_contact_chat_open_count,0.0
pointer_plus_contact_chat_open_share,0.0
pointer_plus_contact_chat_open_y_mean,0.0
pointer_plus_contact_message_sent_count,0.0
pointer_plus_contact_message_sent_share,0.0
pointer_plus_contact_message_sent_x_mean,0.0
pointer_plus_favorite_add_count,0.0
pointer_plus_favorite_add_x_mean,0.0
pointer_plus_login_count,0.0
pointer_plus_login_share,0.0
pointer_plus_login_x_mean,0.0
pointer_plus_login_y_mean,0.0
pointer_plus_speed_mean,0.0
pointer_plus_speed_std,0.0
pointer_plus_abs_acceleration_mean,0.0
pointer_plus_abs_acceleration_std,0.0
sequence_transition_hash_077,0.0
sequence_transition_hash_080,0.0
sequence_transition_hash_084,0.0
missing_search_page_share__favorite_add,0.0
missing_pointer_x_share__favorite_add,0.0
missing_pointer_y_share__favorite_add,0.0
missing_user_agent_share__favorite_add,0.0
missing_item_id_share__login,0.0
missing_item_category_share__login,0.0
missing_item_location_share__login,0.0
missing_seller_type_share__login,0.0
missing_search_query_share__login,0.0
missing_search_page_share__login,0.0
missing_pointer_x_share__login,0.0
missing_pointer_y_share__login,0.0
missing_user_agent_share__login,0.0
ua_text_version_token_count,0.0
ua_text_hash_006,0.0
ua_text_hash_014,0.0
ua_text_hash_018,0.0
ua_text_hash_020,0.0
main_location,0.0
ua_text_hash_033,0.0
ua_text_hash_037,0.0
ua_text_hash_040,0.0
ua_text_hash_041,0.0
ua_text_hash_042,0.0
ua_text_hash_044,0.0
sequence_transition_hash_043,0.0
sequence_transition_hash_046,0.0
sequence_transition_hash_047,0.0
sequence_transition_hash_049,0.0
sequence_transition_hash_051,0.0
sequence_transition_hash_054,0.0
sequence_transition_hash_057,0.0
category_seller,0.0
sequence_transition_hash_064,0.0
sequence_trigram_hash_001,0.0
sequence_trigram_hash_006,0.0
sequence_trigram_hash_007,0.0
sequence_trigram_hash_008,0.0
pointer_plus_cell_entropy_100,0.0
pointer_plus_x_last_digit_entropy,0.0
pointer_plus_y_last_digit_entropy,0.0
pointer_plus_x_multiple_5_share,0.0
pointer_plus_x_multiple_25_share,0.0
pointer_plus_y_multiple_25_share,0.0
sequence_token_nunique,0.0
pointer_plus_y_multiple_50_share,0.0
pointer_plus_x_multiple_100_share,0.0
pointer_plus_y_multiple_100_share,0.0
pointer_plus_search_results_view_count,0.0
pointer_plus_search_results_view_x_mean,0.0
pointer_plus_item_view_count,0.0
pointer_plus_item_view_share,0.0
pointer_plus_photo_swipe_count,0.0
pointer_plus_photo_swipe_share,0.0
pointer_plus_photo_swipe_x_mean,0.0
sequence_transition_hash_000,0.0
pointer_plus_seller_page_view_share,0.0
sequence_transition_hash_003,0.0
sequence_transition_hash_065,0.0
sequence_transition_hash_007,0.0
sequence_transition_hash_069,0.0
sequence_transition_hash_072,0.0
sequence_transition_hash_073,0.0
ua_text_hash_046,0.0
ua_text_hash_054,0.0
ua_text_hash_059,0.0
sequence_transition_hash_008,0.0
ua_text_hash_066,0.0
sequence_transition_hash_009,0.0
ua_text_hash_072,0.0
ua_text_hash_074,0.0
sequence_trigram_hash_116,0.0
sequence_trigram_hash_118,0.0
sequence_trigram_hash_120,0.0
sequence_trigram_hash_122,0.0
sequence_trigram_hash_123,0.0
sequence_trigram_hash_125,0.0
sequence_search_results_view__item_view,0.0
sequence_item_view__contact_phone_show,0.0
sequence_item_view__contact_chat_open,0.0
sequence_contact_chat_open__contact_message_sent,0.0
pointer_plus_share,0.0
pointer_plus_unique_share,0.0
pointer_plus_cell_entropy_25,0.0
sequence_transition_hash_107,0.0
sequence_transition_hash_109,0.0
sequence_transition_hash_111,0.0
sequence_transition_hash_112,0.0
sequence_transition_hash_117,0.0
sequence_transition_hash_118,0.0
sequence_transition_hash_119,0.0
sequence_transition_hash_122,0.0
sequence_trigram_hash_035,0.0
sequence_trigram_hash_036,0.0
sequence_trigram_hash_039,0.0
sequence_trigram_hash_041,0.0
sequence_trigram_hash_056,0.0
sequence_trigram_hash_058,0.0
sequence_trigram_hash_064,0.0
sequence_trigram_hash_014,0.0
sequence_trigram_hash_067,0.0
sequence_trigram_hash_069,0.0
sequence_trigram_hash_074,0.0
sequence_transition_hash_029,0.0
sequence_transition_hash_030,0.0
sequence_transition_hash_031,0.0
sequence_transition_hash_032,0.0
sequence_transition_hash_033,0.0
sequence_transition_hash_034,0.0
query_text_hash_012,0.0
missing_search_page_share__item_view,0.0
sequence_trigram_hash_033,0.0
query_text_hash_026,0.0
query_text_hash_027,0.0
sequence_transition_hash_092,0.0
query_text_hash_036,0.0
query_text_hash_043,0.0
ua_os,0.0
pointer_unique_y,0.0
pointer_web_share,0.0
filled_pointer_x_share,0.0
query_text_hash_074,0.0
photos_per_view,0.0
sequence_trigram_hash_018,0.0
query_text_hash_087,0.0
item_history_rate_max,0.0
query_text_hash_057,0.0
query_text_hash_068,0.0
frequency_main_seller_type,0.0
sequence_trigram_hash_011,0.0
sequence_transition_hash_091,0.0
sequence_trigram_hash_017,0.0
sequence_transition_hash_093,0.0
sequence_transition_hash_100,0.0
sequence_transition_hash_102,0.0
sequence_transition_hash_104,0.0
sequence_trigram_hash_012,0.0
pointer_plus_abs_turn_mean,0.0
pointer_plus_abs_turn_std,0.0
sequence_trigram_hash_013,0.0
pointer_plus_zero_step_share,0.0
pointer_plus_turn_share,0.0
missing_seller_type_share,0.0
missing_search_query_share,0.0
missing_pointer_x_share,0.0
missing_pointer_y_share,0.0
missing_user_agent_share,0.0
missing_item_id_share__search_results_view,0.0
missing_seller_type_share__search_results_view,0.0
missing_search_query_share__search_results_view,0.0
missing_search_page_share__search_results_view,0.0
missing_user_agent_share__search_results_view,0.0
missing_item_id_share__item_view,0.0
missing_item_location_share__item_view,0.0
missing_search_query_share__item_view,0.0
sequence_trigram_hash_026,0.0
