level_0,level_1,0,1
event_count,count,10192.0,899.0
event_count,mean,16.86901491365777,29.484983314794217
event_count,std,16.17329654211305,27.515182026547894
event_count,min,1.0,1.0
event_count,50%,12.0,20.0
event_count,90%,37.0,67.20000000000005
event_count,95%,50.0,88.0
event_count,99%,79.0,134.03999999999996
event_count,max,140.0,169.0
event_type_count,count,10192.0,899.0
event_type_count,mean,4.59831240188383,4.803114571746385
event_type_count,std,1.9158401875184488,1.6348621510713648
event_type_count,min,1.0,1.0
event_type_count,50%,4.0,5.0
event_type_count,90%,7.0,7.0
event_type_count,95%,8.0,7.0
event_type_count,99%,9.0,8.019999999999982
event_type_count,max,9.0,9.0
item_count,count,10192.0,899.0
item_count,mean,8.917189952904238,13.779755283648498
item_count,std,9.018032221265287,10.983506137249435
item_count,min,0.0,1.0
item_count,50%,6.0,10.0
item_count,90%,20.0,29.0
item_count,95%,27.0,37.0
item_count,99%,44.0,49.01999999999998
item_count,max,80.0,70.0
category_count,count,10192.0,899.0
category_count,mean,2.2812009419152277,1.7875417130144604
category_count,std,1.2572263146029088,0.8149633923936881
category_count,min,0.0,0.0
category_count,50%,2.0,2.0
category_count,90%,4.0,3.0
category_count,95%,5.0,3.0
category_count,99%,6.0,4.0
category_count,max,8.0,6.0
query_count,count,10192.0,899.0
query_count,mean,3.7898351648351647,4.758620689655173
query_count,std,3.200398410752257,3.1426055412013256
query_count,min,0.0,0.0
query_count,50%,3.0,4.0
query_count,90%,8.0,9.0
query_count,95%,10.0,11.0
query_count,99%,15.0,14.0
query_count,max,29.0,17.0
active_minutes,count,10192.0,899.0
active_minutes,mean,11.469093406593407,11.78309232480534
active_minutes,std,9.85830465060552,8.415749301554284
active_minutes,min,1.0,1.0
active_minutes,50%,9.0,9.0
active_minutes,90%,24.0,22.0
active_minutes,95%,31.0,28.0
active_minutes,99%,47.0,40.01999999999998
active_minutes,max,90.0,63.0
duplicate_count,count,10192.0,899.0
duplicate_count,mean,0.2501962323390895,0.4471635150166852
duplicate_count,std,0.5524230181711569,0.764059218139056
duplicate_count,min,0.0,0.0
duplicate_count,50%,0.0,0.0
duplicate_count,90%,1.0,1.0
duplicate_count,95%,1.0,2.0
duplicate_count,99%,2.0,3.0
duplicate_count,max,6.0,5.0
