date,cookies,bot_share
2026-04-06,772,0.08808290155440414
2026-04-07,797,0.0740276035131744
2026-04-08,834,0.08393285371702638
2026-04-09,902,0.07317073170731707
2026-04-10,912,0.08991228070175439
2026-04-11,896,0.08816964285714286
2026-04-12,817,0.08200734394124846
2026-04-13,843,0.06287069988137604
2026-04-14,826,0.0847457627118644
2026-04-15,801,0.08114856429463171
2026-04-16,740,0.08108108108108109
2026-04-17,713,0.09256661991584852
2026-04-18,606,0.0858085808580858
2026-04-19,632,0.06645569620253164
