event_name,item_id,item_category,item_location,seller_type,search_query,search_page,pointer_x,pointer_y
contact_chat_open,0.0,0.058579668348954575,0.030821917808219176,0.08471521268925739,1.0,1.0,0.6851117519826965,0.6851117519826965
contact_message_sent,0.0,0.06057385759829968,0.029047113000354233,0.09032943676939426,1.0,1.0,0.6741055614594403,0.6741055614594403
contact_phone_show,0.0,0.05890357698289269,0.0291601866251944,0.09399300155520995,1.0,1.0,0.6701982892690513,0.6701982892690513
favorite_add,0.0,0.0622109158186864,0.028098982423681775,0.09192876965772433,1.0,1.0,0.6510753931544866,0.6510753931544866
item_view,0.0,0.059739466720944434,0.03025368687896675,0.09007642062801843,1.0,1.0,0.6737505319837906,0.6737505319837906
login,1.0,1.0,1.0,1.0,1.0,1.0,0.6482953541777071,0.6482953541777071
photo_swipe,0.0,0.058396808124773304,0.03179784790230927,0.08795792528110265,1.0,1.0,0.6567525087655665,0.6567525087655665
search_results_view,1.0,0.059644980957259626,0.031002917659636073,1.0,0.0,0.0,0.6691351700483307,0.6691351700483307
seller_page_view,0.0,0.05797194698237035,0.031720499292240384,0.08943507914039377,1.0,1.0,0.6632351048771072,0.6632351048771072
