feature,ks_statistic,train_median,test_median
max_search_page,0.025648288439400146,4.0,4.0
events_per_active_minute,0.02255282917652346,1.3571428571428572,1.375
share_platform_web,0.016622243522948055,0.5,0.5555555555555556
events_per_span_hour,0.015019509614704551,5.897495904516734,5.930807248764415
share_favorite_add,0.01487369466091537,0.034482758620689655,0.03125
count_platform_web,0.014827152893324813,2.0,2.0
share_item_view,0.014217481451571978,0.36363636363636365,0.36363636363636365
share_contact_chat_open,0.013533423996108795,0.0,0.0
location_nunique,0.013065085980405566,5.0,5.0
share_seller_page_view,0.01291664455749042,0.021739130434782608,0.02702702702702703
share_photo_swipe,0.012549453153516077,0.10204081632653061,0.1
query_nunique,0.012214789559487682,3.0,3.0
share_platform_desktop,0.012079149877697426,0.0,0.0
count_platform_desktop,0.012061884975749892,0.0,0.0
log_cookie_age,0.011640896871983664,7.269073620091131,7.250029106165093
cookie_age_hours,0.011640896871983664,1434.2202777777777,1407.1458333333333
active_span_hours,0.011134961777251956,2.3361111111111112,2.3227777777777776
share_contact_phone_show,0.010974802261312755,0.0,0.0
share_search_results_view,0.010929821681664231,0.3023255813953488,0.30434782608695654
count_contact_phone_show,0.01082355070010188,0.0,0.0
count_platform_android,0.010742662797785796,0.0,0.0
count_seller_page_view,0.010349261803301701,1.0,1.0
has_seller_page_view,0.010349261803301701,1.0,1.0
search_page_nunique,0.009716539880757213,2.0,2.0
count_item_view,0.00958348993425906,5.0,4.0
item_nunique,0.009505485637906541,6.0,6.0
active_minutes,0.009368027631336817,9.0,9.0
n_events,0.009126704709327083,12.0,12.0
category_nunique,0.008784363744007095,2.0,2.0
share_platform_android,0.008718297943682285,0.0,0.0
count_favorite_add,0.008418311088884689,1.0,1.0
count_contact_chat_open,0.00822125243676175,0.0,0.0
has_contact_chat_open,0.00822125243676175,0.0,0.0
count_search_results_view,0.007992547586707421,4.0,4.0
n_unique_timestamps,0.00787242794975307,12.0,12.0
n_event_types,0.007328546804570624,5.0,5.0
has_contact_phone_show,0.0070222600972539295,0.0,0.0
active_hours,0.006570176803065042,3.0,3.0
platform_nunique,0.0065211922355180585,1.0,1.0
seller_type_nunique,0.005972076519000502,2.0,2.0
has_search_results_view,0.005572449139665134,1.0,1.0
share_contact_message_sent,0.005329840533467856,0.0,0.0
share_login,0.004790459282941972,0.0,0.0
count_photo_swipe,0.004663047979952206,1.0,1.0
cookie_younger_than_72h,0.00455407706159594,0.0,0.0
has_favorite_add,0.0036723548457501254,1.0,1.0
count_platform_ios,0.003241632275992168,0.0,0.0
has_item_view,0.003190774282914699,1.0,1.0
has_photo_swipe,0.003176356253096757,1.0,1.0
cookie_younger_than_6h,0.002538601795303741,0.0,0.0
count_contact_message_sent,0.0023639507818786765,0.0,0.0
has_contact_message_sent,0.0023639507818786765,0.0,0.0
count_login,0.0021991444359472645,0.0,0.0
cookie_younger_than_168h,0.001843046649820157,0.0,0.0
cookie_younger_than_24h,0.001706249852261088,0.0,0.0
has_login,0.0009520858747407157,0.0,0.0
share_platform_ios,0.0002590837307153704,0.0,0.0
