feature,fold_01,fold_02,fold_03,mean_importance,min_importance
item_history_rate_q75,4.542575163420894,5.186737474549238,5.73842155923857,5.155911399069567,4.542575163420894
events_per_active_minute,4.001378077125466,3.4912528258116824,3.01558105226311,3.502737318400086,3.01558105226311
fast_run_le_30s,2.8645705578150613,3.13265164584532,2.767747804446077,2.92165666936882,2.767747804446077
pointer_zero_share,2.3695872663020805,2.1395704556380872,2.166670274636109,2.225275998858759,2.1395704556380872
pointer_x_std,1.8036034426782321,2.6268303633789376,2.03690282763168,2.1557788778962834,1.8036034426782321
pointer_move_mean,0.9370943575370819,2.010673305116413,3.3462810012632027,2.0980162213055658,0.9370943575370819
interval_positive_min,2.629453216535553,1.67582413666614,1.8634181785196895,2.0562318439071277,1.67582413666614
items_per_category,1.9681691925939617,2.216759360221531,1.8648451993564998,2.0165912507239976,1.8648451993564998
interval_q75,1.5041855924518195,1.6990841926844853,2.5788034703797917,1.9273577518386988,1.5041855924518195
item_history_rate_mean,1.8241622577592898,1.3349019123687338,2.4494018829912125,1.8694886843730787,1.3349019123687338
category_unique,1.1162535413416166,1.5714306903667554,2.625143348026823,1.7709425265783985,1.1162535413416166
location_singletons,1.5266431228809034,1.3999820170838937,2.3665456588439793,1.764390266269592,1.3999820170838937
pointer_plus_y_multiple_10_share,2.438431267011432,0.9460288030347808,1.7186602860373716,1.701040118694528,0.9460288030347808
session_15m_span_mean,1.7549305942262243,1.3113675113970495,1.6557950286386507,1.5740310447539747,1.3113675113970495
search_page_gt_3_share,1.8941962238960461,1.5349389251182102,1.100493217112169,1.509876122042142,1.100493217112169
session_15m_span_max,2.2677492087118334,1.4584148333882747,0.7945687714372873,1.5069109378457985,0.7945687714372873
category_concentration,1.167386480198101,1.84073635379651,1.327705703763908,1.44527617925284,1.167386480198101
interval_q25,0.9461356776246862,2.4386363290049053,0.9394652815510791,1.4414124293935568,0.9394652815510791
pointer_plus_distance_std,1.8539372163475847,0.002896858051122371,2.202411485364102,1.3530818532542697,0.002896858051122371
pointer_plus_distance_max,0.6299247245151963,1.6075534171807193,1.7481772814765022,1.3285518077241394,0.6299247245151963
item_unique_share,0.8549335555126261,1.8856974862717355,1.1993408615318524,1.3133239677720712,0.8549335555126261
interval_share_le_60s,0.6558745036289815,1.114015652203259,2.143756662252487,1.3045489393615757,0.6558745036289815
item_history_rate_top3_mean,0.9614858970713037,1.469744951738024,1.4499315165977835,1.2937207884690372,0.9614858970713037
pointer_plus_distance_mean,1.348897006601032,1.5004692118866747,0.9704627512401228,1.2732763232426099,0.9704627512401228
category_longest_run,0.9472157771452561,1.206290709226196,1.638607120726533,1.2640378690326617,0.9472157771452561
pointer_plus_y_multiple_5_share,1.6656794143407934,1.7261023489637553,0.3108275313391132,1.234203098214554,0.3108275313391132
session_30m_span_mean,1.325225942265032,1.2403542729716703,1.1292605274086822,1.2316135808817947,1.1292605274086822
pointer_count,0.0,2.4071001262483933,1.18309400815475,1.1967313781343811,0.0
events_per_category,0.887250156040688,1.3913846853461838,0.8775152120902989,1.0520500178257235,0.8775152120902989
events_per_location,0.820009931763693,1.1101057218156896,1.11142070140618,1.0138454516618542,0.820009931763693
category_nunique,1.1656017519916346,0.7350290423179533,1.0862316013268267,0.9956207985454716,0.7350290423179533
pointer_plus_count,0.7089228591480122,1.201011277664837,0.8074195222245057,0.9057845530124516,0.7089228591480122
sequence_moment_count,0.8712670556522141,0.825126394746763,1.002029287934879,0.8994742461112853,0.825126394746763
pointer_plus_distance_q10,0.9633320697612052,0.08600233766783652,1.6077259525000562,0.8856867866430327,0.08600233766783652
pointer_plus_distance_q90,1.1745826387935874,1.1786907613131277,0.06654697979603773,0.8066067933009177,0.06654697979603773
interval_q90_to_median,1.082436118134756,0.6031733044905702,0.7309347594193494,0.8055147273482252,0.6031733044905702
item_view_timing_gap_median,1.1237017341984405,0.8035146710087421,0.3135943123193657,0.7469369058421828,0.3135943123193657
search_page_mean,1.2145982519419323,0.7079269510940892,0.24132077517190914,0.7212819927359769,0.24132077517190914
cookie_age_hours,0.7920065101945525,0.6553798071329829,0.7015885002416712,0.7163249391897355,0.6553798071329829
pointer_plus_large_jump_share,1.6301268569591443,0.23315224143885627,0.2652116214587352,0.709496906618912,0.23315224143885627
interval_min,0.7273311633675312,0.5218066086329396,0.7949358528152269,0.6813578749385659,0.5218066086329396
pointer_plus_x_multiple_10_share,1.1714668622089701,0.8423150071938148,0.0,0.6712606231342617,0.0
pointer_move_max,1.3648722245989398,0.0025582073158308136,0.6070903206527232,0.6581735841891646,0.0025582073158308136
interval_mad,0.447271617488945,0.7082687647900858,0.7967670806551801,0.6507691543114037,0.447271617488945
log_cookie_age,0.5988600001961413,0.7367433096869418,0.6009597674630831,0.6455210257820554,0.5988600001961413
pointer_plus_distance_median,0.2623684414021433,0.17814620977647333,1.4660386874513087,0.6355177795433085,0.17814620977647333
single_event_item_share,0.6544733534407782,0.4278304353681669,0.8210838134299515,0.6344625340796322,0.4278304353681669
search_page_q90,0.4935471241430034,0.7683688034602882,0.6288148853388114,0.6302436043140344,0.4935471241430034
ua_text_hash_090,0.5523601356254264,0.748740413856689,0.5446580269971383,0.6152528588264179,0.5446580269971383
sequence_transition_repeat_share,0.8674566384839376,0.38363089056596306,0.5003149737731958,0.5838008342743655,0.38363089056596306
pointer_unique_y,1.0429690464393961,0.0,0.6587778194227867,0.5672489552873943,0.0
pointer_unique_points,0.18845850957575605,0.9075938562404514,0.5493919955101164,0.5484814537754413,0.18845850957575605
interval_share_le_30s,0.1742198698283006,0.3138455217934655,1.1151916203543253,0.5344190039920305,0.1742198698283006
pointer_move_median,0.7359115360768053,0.8024292420373176,0.05012998941160632,0.5294902558419097,0.05012998941160632
interval_q10,0.45448794336181053,0.37591612446632894,0.7489909539652481,0.5264650072644624,0.37591612446632894
pointer_edge_share,0.6402853584555737,0.28996749566959734,0.4695729291057541,0.4666085944103084,0.28996749566959734
events_per_item,0.12155442904476828,0.5952446914388585,0.6321491088270254,0.44964940977021745,0.12155442904476828
transition_share_item_view__seller_page_view,0.39622540286839414,0.5329063025370196,0.2855672086716725,0.40489963802569545,0.2855672086716725
interval_share_gt_5m,0.29820705424917465,0.5884396739338765,0.302699832320895,0.39644885350131537,0.29820705424917465
pointer_plus_item_view_x_mean,0.17104906079243826,0.19491573904377837,0.8227110995561899,0.3962252997974689,0.17104906079243826
query_text_hash_079,0.06578476442143333,0.442442608371793,0.6212733157783139,0.3765002295238467,0.06578476442143333
session_30m_span_max,0.30449256581458367,0.3291588179559267,0.46858355051379935,0.3674116447614366,0.30449256581458367
share_location_moskva,0.631874070199033,0.3477474498270866,0.11074096652406606,0.36345416218339527,0.11074096652406606
sequence_transition_hash_115,0.12636123295509413,0.5500100789195773,0.32326025336700925,0.33321052174722693,0.12636123295509413
missing_pointer_x_share__item_view,0.0,0.9262959579264952,0.0,0.3087653193088317,0.0
sequence_transition_entropy,0.2435361130466737,0.29534947574429155,0.3586720710033133,0.2991858865980928,0.2435361130466737
interval_iqr,0.06397903638187097,0.6546240410658448,0.17580078090392742,0.2981346194505477,0.06397903638187097
positive_interval_nunique_share,0.42903671401804366,0.33637359399264094,0.09594179379379614,0.28711736726816023,0.09594179379379614
sequence_transition_hash_035,0.2940135575295754,0.3044158452001016,0.23108689765116788,0.2765054334602816,0.23108689765116788
sequence_transition_hash_105,0.36105630535199346,0.2261422542384354,0.2415239833834481,0.276240847657959,0.2261422542384354
sequence_transition_hash_095,0.3006821300014438,0.2765229269319486,0.21785294489251203,0.26501933394196814,0.21785294489251203
sequence_transition_hash_079,0.41143564039955727,0.254061661797581,0.11748789880363718,0.2609950670002585,0.11748789880363718
query_text_hash_088,0.266586825870189,0.4771379980168361,0.0,0.24790827462900836,0.0
pointer_plus_favorite_add_share,0.5999517643885951,0.0740587499523305,0.0,0.2246701714469752,0.0
query_text_hash_011,0.04626097094490627,0.4621353671266546,0.15226136420320613,0.22021923409158897,0.04626097094490627
missing_pointer_x_share__photo_swipe,0.650343681656366,0.0,0.0,0.21678122721878867,0.0
sequence_trigram_hash_101,0.20776085412303136,0.18500646353962952,0.2508108870353549,0.21452606823267195,0.18500646353962952
pointer_plus_speed_q10,0.0,0.2957153228476751,0.34332203417164975,0.21301245233977495,0.0
sequence_transition_hash_018,0.270485549045605,0.16041560088434842,0.20461672883658277,0.21183929292217873,0.16041560088434842
query_text_hash_082,0.4768909654597503,0.13885696479551035,0.0,0.20524931008508687,0.0
sequence_transition_hash_096,0.05928247873850071,0.3267748234632933,0.22880344499460561,0.20495358239879988,0.05928247873850071
pointer_plus_cell_entropy_25,0.12230301862582005,0.0,0.46944102813352523,0.19724801558644844,0.0
pointer_plus_abs_acceleration_median,0.2373970075598017,0.3401169075608171,0.011317569233710653,0.19627716145144314,0.011317569233710653
query_text_length,0.07003507272862451,0.0035848749287718884,0.5054118103174203,0.1930105859916056,0.0035848749287718884
missing_fields_std,0.42566144870082584,0.06673684636288471,0.08292822949532659,0.19177550818634573,0.06673684636288471
sequence_transition_hash_020,0.21026735307469874,0.1852035677056897,0.16575660124069605,0.18707584067369484,0.16575660124069605
sequence_trigram_hash_038,0.2741391093186892,0.11650081962009284,0.16964793211855758,0.18676262035244653,0.11650081962009284
sequence_transition_hash_124,0.1964506735837499,0.2370422319984341,0.1202508423895035,0.18458124932389583,0.1202508423895035
sequence_transition_hash_113,0.16687593778984833,0.14958626141119616,0.23617259230765722,0.18421159716956723,0.14958626141119616
ua_text_hash_050,0.46240984484581144,0.07243009012150889,0.0,0.1782799783224401,0.0
ua_text_hash_034,0.1900182263470299,0.11942931981966383,0.20035517885616874,0.1699342416742875,0.11942931981966383
sequence_transition_hash_099,0.0,0.08608508763024678,0.41448814600345874,0.1668577445445685,0.0
pointer_center_share,0.0,0.10636499430503525,0.3913731135327047,0.16591270261257998,0.0
pointer_plus_abs_turn_q10,0.2656556831846927,0.14159472086894428,0.0895547777971703,0.16560172728360242,0.0895547777971703
pointer_plus_abs_turn_median,0.19600174781192717,0.20944066749644005,0.08026781404895263,0.16190340978577328,0.08026781404895263
query_text_hash_031,0.14942239117073747,0.14379099911692345,0.1868573501185043,0.1600235801353884,0.14379099911692345
sequence_transition_hash_013,0.22510472231827833,0.1045647096900335,0.14722526742813602,0.15896489981214929,0.1045647096900335
frequency_main_location,0.025525206107959754,0.18444449206732583,0.2647888689539894,0.15825285570975833,0.025525206107959754
sequence_trigram_hash_072,0.0,0.3361563543756909,0.13668178930290537,0.1576127145595321,0.0
query_text_hash_054,0.08640597181071372,0.29255870027466574,0.08107544212416148,0.15334670473651366,0.08107544212416148
sequence_transition_hash_070,0.1090207873223066,0.24652662375807818,0.10404958383559176,0.15319899830532552,0.10404958383559176
pointer_y_std,0.3196022793240876,0.1326157378485291,0.004658833928378869,0.15229228370033185,0.004658833928378869
sequence_transition_hash_126,0.09729565478106794,0.17490709507161573,0.16170291609608028,0.1446352219829213,0.09729565478106794
sequence_trigram_hash_086,0.17310078536367132,0.10769496838289598,0.15138328797903147,0.14405968057519958,0.10769496838289598
sequence_transition_hash_089,0.053676954642696804,0.11103482927215001,0.2422367890590285,0.1356495243246251,0.053676954642696804
sequence_trigram_hash_104,0.16760927989189583,0.20655725784988113,0.03152455896014797,0.1352303655673083,0.03152455896014797
sequence_transition_hash_081,0.05547577825399259,0.2530645282096831,0.09155020786307845,0.1333635047755847,0.05547577825399259
missing_pointer_y_share__item_view,0.0,0.39368711508693655,0.0,0.13122903836231217,0.0
ua_text_hash_092,0.12751464651760824,0.07968794257716343,0.18320533265960542,0.1301359739181257,0.07968794257716343
sequence_trigram_hash_070,0.10495290988363014,0.020812935407056834,0.2615421292451598,0.12910265817861558,0.020812935407056834
sequence_trigram_hash_093,0.07462091379859248,0.1635712316243288,0.1472710413139819,0.12848772891230106,0.07462091379859248
ua_text_hash_082,0.056178178849082376,0.1080290450697594,0.2201303699194484,0.12811253127943004,0.056178178849082376
sequence_transition_hash_038,0.15404374201001397,0.13112208875059084,0.09723370198096658,0.12746651091385713,0.09723370198096658
item_history_seen_share,0.254803041524423,0.07847591495884011,0.046379561969441346,0.12655283948423482,0.046379561969441346
sequence_trigram_hash_107,0.13008674365529513,0.20484299178313864,0.0445401101493063,0.1264899485292467,0.0445401101493063
sequence_transition_hash_050,0.12876784008603465,0.14063029162980106,0.10734339645511236,0.12558050939031604,0.10734339645511236
sequence_transition_hash_012,0.17559135911187107,0.157151222111267,0.025958534895956148,0.11956703870636472,0.025958534895956148
sequence_item_view__seller_page_view,0.16750118851745813,0.05776544120265079,0.13048911219102496,0.1185852473037113,0.05776544120265079
missing_pointer_x_share__search_results_view,0.0,0.3020837373306661,0.05310539316605289,0.11839637683223968,0.0
pointer_plus_favorite_add_y_mean,0.12194182166010412,0.09667221453036225,0.12707213735331152,0.11522872451459264,0.09667221453036225
ua_text_hash_003,0.07820389273685222,0.14725640695905942,0.11944862336308992,0.11496964101966718,0.07820389273685222
sequence_trigram_hash_044,0.1954688467992649,0.12281771296158313,0.02519027436308252,0.11449227804131018,0.02519027436308252
sequence_transition_hash_094,0.08526434635981935,0.14643543387264424,0.10872593367584314,0.11347523796943558,0.08526434635981935
photos_per_view,0.21371706684618028,0.0,0.11557972665454304,0.10976559783357444,0.0
sequence_transition_hash_058,0.1361552465728414,0.11755550427013792,0.07534220151517246,0.10968431745271727,0.07534220151517246
sequence_trigram_hash_103,0.3283610624345914,0.0,0.0,0.10945368747819713,0.0
sequence_transition_hash_062,0.10155626941417761,0.19694318908162212,0.028382224400867552,0.10896056096555577,0.028382224400867552
sequence_transition_hash_014,0.0960697342762153,0.028278172116637888,0.19540815182573681,0.10658535273953,0.028278172116637888
item_history_rate_std,0.0823234230939563,0.051848634082538335,0.18424028981707635,0.106137448997857,0.051848634082538335
sequence_trigram_hash_023,0.19811881394120318,0.0738354096663225,0.045289911155700614,0.10574804492107544,0.045289911155700614
sequence_longest_same_moment_run,0.0696806701044963,0.2440816452799155,0.0020687495433927157,0.1052770216426015,0.0020687495433927157
ua_text_hash_005,0.005916579072887681,0.06741832804780988,0.23088325533055576,0.10140605415041777,0.005916579072887681
sequence_trigram_hash_040,0.09052083029624074,0.12221763288982597,0.08628384014200324,0.09967410110935665,0.08628384014200324
item_history_count_mean,0.0747505121291489,0.09595852783540354,0.1269487285538779,0.09921925617281012,0.0747505121291489
query_text_hash_037,0.16059289596886117,0.1369200777155145,0.0,0.09917099122812523,0.0
ua_text_hash_049,0.07807333732689802,0.04474412014163357,0.174622212206353,0.09914655655829485,0.04474412014163357
sequence_trigram_hash_054,0.015060986278164924,0.14180638588533012,0.13776395978506992,0.09821044398285499,0.015060986278164924
sequence_trigram_hash_090,0.031152110016915712,0.24260789843829014,0.020255039228630593,0.09800501589461215,0.020255039228630593
sequence_transition_nunique,0.02289925846896884,0.21272853702514155,0.0579213249486779,0.09784970681426276,0.02289925846896884
ua_text_hash_013,0.11062001183599493,0.15054973752397632,0.031208799556615024,0.09745951630552878,0.031208799556615024
ua_text_hash_024,0.20648370766551336,0.03548069856926972,0.04989786599532237,0.09728742407670182,0.03548069856926972
query_text_hash_044,0.038343832215603973,0.024709395805715396,0.22852160200410154,0.09719161000847364,0.024709395805715396
ua_text_hash_043,0.20082148653946433,0.06654971868666995,0.02313477714901426,0.09683532745838284,0.02313477714901426
ua_text_hash_016,0.002443260611331555,0.13645342632451224,0.1456819450937764,0.0948595440098734,0.002443260611331555
missing_pattern_entropy,0.04893872722581512,0.059827326616959095,0.17183589832084353,0.09353398405453923,0.04893872722581512
ua_text_hash_026,0.15293333936383377,0.022090099812164827,0.10540629283484063,0.0934765773369464,0.022090099812164827
query_text_hash_069,0.047824803721430345,0.2319754105025288,0.0,0.09326673807465304,0.0
sequence_transition_hash_053,0.0,0.10376082282190228,0.174084123833781,0.09261498221856108,0.0
sequence_transition_hash_002,0.1750784255015397,0.0388725253815932,0.061989143247447975,0.09198003137686028,0.0388725253815932
query_text_hash_066,0.014227104668220787,0.23762932136489143,0.02330795816148108,0.09172146139819776,0.014227104668220787
sequence_trigram_hash_080,0.14012162635851821,0.09067737094956943,0.04425222411764155,0.09168374047524307,0.04425222411764155
ua_text_hash_027,0.17332466322409168,0.09983988082905267,0.0,0.09105484801771478,0.0
sequence_transition_hash_061,0.07528233144142889,0.19118084339095764,0.006014839480969841,0.0908260047711188,0.006014839480969841
sequence_trigram_hash_020,0.043661523758847756,0.03898757670371786,0.18980875492328153,0.09081928512861571,0.03898757670371786
query_text_hash_062,0.07470833141051568,0.18895570938335962,0.008418252259198504,0.09069409768435793,0.008418252259198504
sequence_token_entropy,0.19018957357882224,0.05446875764811305,0.027386193963420537,0.09068150839678528,0.027386193963420537
query_text_hash_040,0.23720491779664504,0.032336414829769254,0.0023628894680973785,0.09063474069817055,0.0023628894680973785
query_text_hash_078,0.15195043548869108,0.002188646689509866,0.11501882335590875,0.08971930184470323,0.002188646689509866
ua_text_hash_011,0.0,0.2688485655150673,0.0,0.08961618850502244,0.0
query_text_hash_025,0.16222580038405243,0.06147982718662267,0.04496783304795321,0.08955782020620943,0.04496783304795321
query_text_hash_083,0.12832606462695237,0.09952067442148638,0.040528125951189944,0.08945828833320957,0.040528125951189944
query_text_hash_058,0.00964053589436002,0.13566091992253895,0.12187046509467868,0.08905730697052588,0.00964053589436002
sequence_transition_hash_056,0.046157019719958364,0.03728913988438159,0.17856133796579582,0.08733583252337858,0.03728913988438159
sequence_transition_hash_040,0.041924640840151094,0.07711649701934402,0.14229041829424494,0.08711051871791335,0.041924640840151094
sequence_trigram_hash_019,0.20343925332031504,0.057809374413313915,0.0,0.08708287591120965,0.0
sequence_transition_hash_125,0.009387592593397845,0.0775069089882486,0.1737926957583004,0.08689573244664894,0.009387592593397845
sequence_transition_hash_068,0.09935898798118578,0.09219703208337994,0.06825739508186952,0.08660447171547841,0.06825739508186952
query_text_hash_004,0.07393427699527669,0.14457897184858728,0.04064004141698862,0.08638443008695086,0.04064004141698862
ua_text_hash_025,0.14791478208903355,0.09845292007302325,0.009872520806153352,0.08541340765607004,0.009872520806153352
query_text_hash_065,0.10387567029960974,0.08009664360923024,0.06873235958299757,0.08423489116394585,0.06873235958299757
ua_text_hash_063,0.11919877818541523,0.00055430488324282,0.13045577905309347,0.08340295404058384,0.00055430488324282
query_text_hash_048,0.06552821716439024,0.09435651647180082,0.088816128621322,0.082900287419171,0.06552821716439024
sequence_trigram_hash_127,0.17965650527587923,0.06763532257472332,0.0,0.08243060928353418,0.0
sequence_trigram_hash_037,0.06952154663227234,0.034350686871930484,0.1425855072846014,0.08215258026293475,0.034350686871930484
sequence_trigram_hash_126,0.12446483662574837,0.11838831382910156,0.0,0.08095105015161665,0.0
ua_text_hash_070,0.11306245164785896,0.12481405206318279,0.0009679910097265714,0.07961483157358944,0.0009679910097265714
query_text_digit_share,0.11207332580783122,0.11308357876767981,0.012737739070168142,0.07929821454855972,0.012737739070168142
sequence_trigram_hash_084,0.17492010809341388,0.03999519995340592,0.022976082901255416,0.07929713031602507,0.022976082901255416
pointer_plus_search_results_view_y_mean,0.0005994178839150272,0.21762186775005685,0.01930027077395008,0.07917385213597398,0.0005994178839150272
query_text_hash_046,0.006819220948772232,0.1196135527750884,0.10824026422156709,0.07822434598180923,0.006819220948772232
query_text_hash_003,0.08528101121298899,0.05860279332188116,0.09034536918074863,0.0780763912385396,0.05860279332188116
pointer_plus_abs_acceleration_max,0.0,0.0008834300851404186,0.2301666175005277,0.07701668252855604,0.0
pointer_path_length,0.12928262056201698,0.057813464781473464,0.04307415485031495,0.07672341339793513,0.04307415485031495
sequence_trigram_hash_013,0.08301369270985111,0.0,0.1438278733006061,0.07561385533681907,0.0
sequence_trigram_hash_117,0.055512720922205674,0.048409954388372214,0.1203736810710958,0.07476545212722456,0.048409954388372214
sequence_trigram_hash_046,0.053324947914295207,0.1239149913428234,0.0459687214804571,0.07440288691252524,0.0459687214804571
sequence_trigram_hash_059,0.05395273422972704,0.12661285777304496,0.039899549810875484,0.07348838060454917,0.039899549810875484
ua_text_hash_030,0.14054719614602565,0.0734706255943853,0.005866641861529804,0.07329482120064691,0.005866641861529804
query_text_hash_005,0.03666890738907434,0.0,0.17935067819290607,0.07200652852732681,0.0
ua_text_hash_064,0.17069273224720802,0.04269546706785521,0.0014917599829266804,0.07162665309932997,0.0014917599829266804
query_text_hash_029,0.12121464702028978,0.04387454858413187,0.04784949737948998,0.07097956432797055,0.04387454858413187
query_text_hash_030,0.00036515427999363794,0.13333508881444936,0.07722117427508797,0.07030713912317699,0.00036515427999363794
pointer_plus_speed_max,0.0,0.19701133646700356,0.013689661156314772,0.07023366587443945,0.0
sequence_transition_hash_066,0.0,0.0442548629726694,0.16331408720344778,0.06918965005870573,0.0
missing_item_location_share__seller_page_view,0.04252578816843173,0.027284124011335925,0.13737850742426638,0.06906280653467801,0.027284124011335925
frequency_category_seller,0.06474477334901504,0.06434431483352639,0.07448979306253938,0.06785962708169362,0.06434431483352639
query_text_hash_014,0.08844693835406692,0.050397153067295204,0.06470276382854803,0.06784895174997005,0.050397153067295204
sequence_transition_hash_121,0.0,0.027282555811042747,0.1746619995190345,0.06731485177669241,0.0
ua_text_hash_036,0.15023066822239783,0.05098754386890358,0.0,0.06707273736376713,0.0
ua_text_hash_060,0.0821138082969977,0.0733350070361591,0.04351438724508788,0.06632106752608156,0.04351438724508788
pointer_plus_angle_entropy,0.09150190003232651,0.04309564947767078,0.06198299254073522,0.06552684735024418,0.04309564947767078
sequence_trigram_hash_030,0.0,0.14579323231715374,0.04988237784751609,0.06522520338822328,0.0
query_text_hash_050,0.10046305490153548,0.07126532103144068,0.02233937177263665,0.06468924923520426,0.02233937177263665
ua_text_hash_091,0.0,0.0895173179879557,0.10438905510573677,0.06463545769789748,0.0
query_text_hash_007,0.022824804510511644,0.06894076080624607,0.10165867144129968,0.06447474558601914,0.022824804510511644
missing_pointer_y_share,0.11627556916140568,0.0,0.07613786435382361,0.0641378111717431,0.0
sequence_transition_hash_037,0.07671789237751564,0.05671289407568044,0.05807041720172736,0.06383373455164115,0.05671289407568044
ua_text_hash_088,0.0023699341318459623,0.17794483306884135,0.0048096643307295565,0.06170814384380562,0.0023699341318459623
ua_text_hash_057,0.044499135433642145,0.09908904207436864,0.04139855844864003,0.06166224531888361,0.04139855844864003
sequence_trigram_hash_075,0.1393483706319453,0.045637324153053424,0.0,0.06166189826166624,0.0
ua_text_hash_010,0.000696261911048571,0.019238352727553105,0.16457388020117478,0.06150283161325881,0.000696261911048571
ua_text_hash_012,0.037853306313258936,0.07890904811531951,0.06582387916802053,0.06086207786553299,0.037853306313258936
sequence_trigram_hash_024,0.17889227013947032,0.003101600818574214,0.0,0.060664623652681514,0.0
sequence_transition_hash_024,0.05192606592306347,0.09248058028328565,0.03716428089204369,0.06052364236613094,0.03716428089204369
missing_seller_type_share__item_view,0.04788280753532484,0.032862024127797804,0.09857272122183945,0.0597725176283207,0.032862024127797804
sequence_transition_hash_039,0.003950395665362422,0.10786873555935585,0.06641949378443905,0.059412875003052444,0.003950395665362422
missing_seller_type_share__contact_phone_show,0.0,0.10073448143675544,0.07725314178565168,0.05932920774080238,0.0
ua_text_hash_084,0.041331189387017755,0.09686904149298174,0.03666942808903225,0.05828988632301058,0.03666942808903225
query_text_hash_095,0.10819797062183631,0.026736288114373147,0.03721234783274379,0.05738220218965109,0.026736288114373147
query_text_hash_024,0.06112721842999333,0.07995154881658853,0.029431854728184804,0.056836873991588883,0.029431854728184804
missing_pointer_x_share,0.0,0.0,0.17038715239666638,0.05679571746555546,0.0
sequence_trigram_hash_076,0.04163563953864211,0.021405469408002566,0.1048858068193033,0.055975638588649325,0.021405469408002566
ua_text_length,0.0,0.026718022314550793,0.14116119037766464,0.055959737564071806,0.0
query_text_hash_064,0.12043319079621981,0.04465270173018453,0.002083216884852526,0.05572303647041895,0.002083216884852526
query_text_hash_020,0.10034545018238408,0.04809731637085572,0.018527241854745826,0.05565666946932854,0.018527241854745826
query_text_hash_091,0.1118064263968791,0.016893749395604955,0.03784875531498377,0.05551631036915594,0.016893749395604955
query_text_hash_051,0.0327809847841043,0.07272950654301856,0.06011249472423095,0.05520766201711794,0.0327809847841043
query_text_hash_063,0.06758493580300835,0.03620756862131528,0.059627193555009186,0.054473232659777604,0.03620756862131528
sequence_transition_hash_102,0.1345040767676953,0.0,0.026992194029153323,0.0538320902656162,0.0
query_text_hash_038,0.13547144425582552,0.01436602382545433,0.010690884359997398,0.05350945081375908,0.010690884359997398
query_text_hash_045,0.14920274775404996,0.003862774097427127,0.006605707709498741,0.05322374318699195,0.003862774097427127
query_text_hash_013,0.0,0.050502523094825114,0.10767351892337552,0.05272534733940021,0.0
missing_fields_mean,0.0042835368918677,0.0491196718898883,0.10440648229449573,0.05260323035875058,0.0042835368918677
query_text_hash_023,0.09728567851123353,0.049111248918603446,0.008972739376480009,0.051789888935439,0.008972739376480009
missing_item_category_share__contact_chat_open,0.09487294063077503,0.02398606226754305,0.034163255716132074,0.05100741953815005,0.02398606226754305
pointer_plus_search_results_view_share,0.06777981747151085,0.01615942574054125,0.06777165769180642,0.050570300301286175,0.01615942574054125
query_text_hash_033,0.04985569038468702,0.03737548852089119,0.06421153500898123,0.050480904638186476,0.03737548852089119
sequence_transition_hash_044,0.09026761193911449,0.05446459557109205,0.005977578569991637,0.05023659536006606,0.005977578569991637
query_text_hash_042,0.025825073001422772,0.05062623567535468,0.07398974460197162,0.050147017759583024,0.025825073001422772
query_text_hash_012,0.11046769909633723,0.0,0.03923658017074975,0.04990142642236233,0.0
sequence_trigram_hash_055,0.09483821545682207,0.044560492797245825,0.010142599041969002,0.0498471024320123,0.010142599041969002
sequence_trigram_hash_027,0.07969633800517117,0.035774944837781715,0.0334338729060016,0.04963505191631815,0.0334338729060016
sequence_trigram_hash_065,0.1272272253474915,0.015304249608604074,0.005827667063995193,0.049453047340030254,0.005827667063995193
sequence_transition_hash_045,0.0792264337650532,0.0271338682494898,0.03921330140037336,0.048524534471638785,0.0271338682494898
query_text_hash_085,0.007530678391238236,0.05357143306996071,0.08415409389277115,0.04841873511799003,0.007530678391238236
sequence_transition_hash_114,0.10161380917795002,0.0023767959886888995,0.04110430636892638,0.0483649705118551,0.0023767959886888995
frequency_main_category,0.09975023883482664,0.03409650751146269,0.011176763433327342,0.0483411699265389,0.011176763433327342
query_text_hash_010,0.08079417800745432,0.00984711239026505,0.05370412015638417,0.04811513685136785,0.00984711239026505
sequence_transition_hash_091,0.13415408049743435,0.0,0.007579492698194328,0.047244524398542896,0.0
missing_item_category_share__item_view,0.10557294029582297,0.03118633891945806,0.003923709577607915,0.046894329597629646,0.003923709577607915
sequence_transition_hash_087,0.10996691995102537,0.029468588154499244,0.0,0.046478502701841534,0.0
sequence_trigram_hash_009,0.06992320916854633,0.05831484763342962,0.009207548261518251,0.0458152016878314,0.009207548261518251
pointer_plus_abs_acceleration_q10,0.05278417551961512,0.08376132351636138,0.0,0.04551516634532551,0.0
sequence_transition_hash_001,0.08196627950245543,0.0415255285860364,0.012454029462859416,0.04531527918378375,0.012454029462859416
pointer_plus_y_last_digit_entropy,0.0,0.0,0.1328759459517552,0.0442919819839184,0.0
missing_item_category_share__search_results_view,0.043709911296504624,0.017471781323435222,0.07027150417308989,0.04381773226434325,0.017471781323435222
ua_text_hash_094,0.03565601018153444,0.05921340773812777,0.03589687660672857,0.04358876484213026,0.03565601018153444
query_text_hash_028,0.04981168611400021,0.037356475108050166,0.04165112114749143,0.042939760789847264,0.037356475108050166
ua_text_hash_080,0.03812607715610864,0.04899664734435237,0.04041674764715432,0.04251315738253845,0.03812607715610864
sequence_transition_hash_127,0.07660835571095045,0.03905912292930492,0.011256650828334994,0.04230804315619679,0.011256650828334994
missing_item_category_share,0.0999985715629454,0.017548484290761973,0.007480100581982481,0.04167571881189661,0.007480100581982481
sequence_trigram_hash_062,0.08476148943775672,0.011086731488512348,0.028824978546563105,0.04155773315761072,0.011086731488512348
sequence_transition_hash_120,0.0,0.08206285400293391,0.04140992716085099,0.04115759372126163,0.0
ua_text_hash_078,0.0,0.10590626229713769,0.01744398430290974,0.04111674886668248,0.0
sequence_trigram_hash_119,0.0,0.052544554927817476,0.06968095711835609,0.040741837348724524,0.0
sequence_trigram_hash_045,0.006259861189567896,0.06360404520286947,0.050185142170209994,0.040016349520882455,0.006259861189567896
ua_text_hash_032,0.0016217643071390956,0.05678168138174773,0.060240041719559635,0.03954782913614882,0.0016217643071390956
sequence_trigram_hash_113,0.05984261511586401,0.05701677853179531,0.0016942106683646297,0.03951786810534132,0.0016942106683646297
sequence_trigram_hash_061,0.03836263277771336,0.03789968811239438,0.04185902130682718,0.03937378073231163,0.03789968811239438
sequence_transition_hash_110,0.011924266924060171,0.021154733436516304,0.08433555204098393,0.03913818413385347,0.011924266924060171
sequence_trigram_hash_124,0.046732646323934354,0.020917396798549707,0.04729231899284414,0.0383141207051094,0.020917396798549707
sequence_trigram_hash_014,0.10356227690078264,0.0,0.011306255850731332,0.038289510917171324,0.0
missing_item_location_share,0.0,0.015710917069903026,0.09725036486281247,0.0376537606442385,0.0
sequence_transition_hash_108,0.051530307207279163,0.041348321206071334,0.019543906068562003,0.0374741781606375,0.019543906068562003
sequence_transition_hash_006,0.06889287527222969,0.04119553946699727,0.002180450801373046,0.0374229551802,0.002180450801373046
sequence_trigram_hash_079,0.0,0.04599830412458087,0.06475562988792545,0.036917978004168774,0.0
pointer_plus_contact_phone_show_y_mean,0.03714025988313745,0.06563595455812761,0.007254423283724654,0.036676879241663234,0.007254423283724654
query_text_hash_075,0.005982164538330601,0.05152144176149272,0.05235243565732461,0.03661868065238264,0.005982164538330601
ua_text_hash_041,0.1026124221030636,0.0,0.007032404839551324,0.036548275647538306,0.0
ua_text_hash_007,0.005350316763815882,0.07448266165565079,0.02953840829112254,0.036457128903529736,0.005350316763815882
ua_text_hash_046,0.04194414308706256,0.0,0.06555777840924767,0.03583397383210341,0.0
sequence_token_nunique,0.025726534500819243,0.0,0.08141107242577747,0.0357125356421989,0.0
ua_text_hash_081,0.06840771053965346,0.018984741429903366,0.01939996640867891,0.03559747279274524,0.018984741429903366
query_text_hash_094,0.0,0.01791888012591634,0.08849264886561403,0.03547050966384346,0.0
ua_text_hash_052,0.012262341350471554,0.057077061599379635,0.03666478605446768,0.035334729668106295,0.012262341350471554
query_text_hash_059,0.03494846690178288,0.06965468058248554,0.0008916596623662257,0.03516493571554488,0.0008916596623662257
sequence_trigram_hash_068,0.05355903877266883,0.05134614032675555,0.0,0.034968393033141455,0.0
sequence_transition_hash_027,0.0,0.09710258960430047,0.004955752965316699,0.03401944752320572,0.0
ua_text_digit_share,0.0,0.01779749004886287,0.08398830096698176,0.033928597005281544,0.0
sequence_trigram_hash_042,0.0687899885239228,0.018163589142545847,0.014309669088827017,0.033754415585098556,0.014309669088827017
sequence_trigram_hash_006,0.07452836894800784,0.0,0.026692750307150997,0.03374037308505295,0.0
sequence_trigram_hash_111,0.0,0.03984483837534796,0.061046053248697926,0.033630297208015296,0.0
sequence_transition_hash_103,0.06448420507213844,0.03525676950311161,0.0,0.03324699152508335,0.0
ua_text_hash_055,0.012539260184183014,0.03563288808776026,0.051234574242862686,0.033135574171601984,0.012539260184183014
sequence_trigram_hash_031,0.04046595184148017,0.023961835394963167,0.033904069282146954,0.03277728550619676,0.023961835394963167
query_text_hash_093,0.0,0.09807427260820938,0.0,0.032691424202736456,0.0
query_text_hash_053,0.02595131156264607,0.011261823658063332,0.059849063487256715,0.03235406623598871,0.011261823658063332
query_text_hash_061,0.0034161303355958296,0.016892903758420636,0.07615396077120795,0.03215433162174147,0.0034161303355958296
sequence_transition_hash_082,0.0298513627074386,0.0034553470750132566,0.062150996150775094,0.031819235311075646,0.0034553470750132566
sequence_trigram_hash_005,0.0050550169075791376,0.016512863848569054,0.0738004790193551,0.0317894532585011,0.0050550169075791376
ua_text_hash_006,0.08714017948471225,0.0,0.008193850713287237,0.03177801006599983,0.0
sequence_trigram_hash_034,0.0,0.05014862255244738,0.04420097374893576,0.03144986543379438,0.0
query_text_hash_009,0.05520542851691675,0.008423218336547978,0.030655633479007134,0.031428093444157285,0.008423218336547978
query_text_hash_089,0.037736406286934115,0.005735046779319106,0.05076105517051822,0.03141083607892381,0.005735046779319106
sequence_trigram_hash_032,0.015263993217527272,0.07089411098394581,0.008010480191876656,0.03138952813111658,0.008010480191876656
sequence_transition_hash_083,0.010464964527889309,0.030455491223070306,0.052806550052090215,0.031242335267683274,0.010464964527889309
pointer_plus_search_results_view_count,0.08678412402873245,0.0,0.006520118794330048,0.03110141427435417,0.0
pointer_plus_turn_share,0.09238055286997814,0.0,0.0,0.030793517623326046,0.0
sequence_trigram_hash_092,0.015829014044010072,0.06487343657070173,0.011437836484124159,0.030713429032945324,0.011437836484124159
frequency_ua_family,0.023022539083252174,0.003546197738318534,0.06539935982341791,0.030656032214996205,0.003546197738318534
sequence_trigram_hash_000,0.0,0.037940193079657326,0.05369754199081912,0.030545911690158817,0.0
ua_text_hash_051,0.056345387355898356,0.01369491465579889,0.021587996440583165,0.03054276615076014,0.01369491465579889
ua_text_hash_077,0.07981117669691441,0.011759796971023298,0.0,0.030523657889312567,0.0
missing_pattern_top_share,0.029677507550027807,0.028762704292318753,0.03291526475897501,0.030451825533773857,0.028762704292318753
query_text_hash_092,0.06379349632615554,0.027358135286635756,0.0,0.030383877204263766,0.0
sequence_trigram_hash_108,0.019720677985708923,0.04302114076707861,0.028084605362811352,0.030275474705199628,0.019720677985708923
sequence_trigram_hash_048,0.0867588366924569,0.002974260900129068,0.0,0.029911032530861987,0.0
pointer_plus_speed_mean,0.06877147585044431,0.0,0.01952600126744813,0.029432492372630816,0.0
ua_text_hash_045,0.0033706537700796697,0.04278190995872927,0.041746054099898795,0.02929953927623591,0.0033706537700796697
sequence_trigram_hash_002,0.042963580316332545,0.003797302412592263,0.040728101824356655,0.02916299485109382,0.003797302412592263
ua_text_hash_020,0.037821052691450543,0.0,0.04920324109576404,0.029008097929071525,0.0
ua_text_hash_095,0.004493860433617143,0.0055845109619173825,0.07633786421218043,0.02880541186923832,0.004493860433617143
ua_text_hash_089,0.0,0.0,0.08618399551924522,0.02872799850641507,0.0
ua_text_hash_069,0.0,0.056270769659083474,0.028463308624849748,0.028244692761311075,0.0
sequence_transition_hash_041,0.07657228609674138,0.008035242153137567,0.0,0.028202509416626317,0.0
ua_text_hash_029,0.002750395690587762,0.03521327061612569,0.04597936927714022,0.027981011861284558,0.002750395690587762
sequence_trigram_hash_095,0.007590970865262955,0.026170166867540902,0.05001886236471371,0.027926666699172525,0.007590970865262955
missing_seller_type_share__contact_message_sent,0.03884053094786254,0.04422210353034631,0.0,0.027687544826069613,0.0
query_text_hash_039,0.0,0.05372714515546053,0.0291350538008481,0.02762073298543621,0.0
ua_text_hash_039,0.0019908467244557897,0.08043594668300724,0.0,0.027475597802487678,0.0
sequence_transition_hash_101,0.0,0.07038614533637941,0.011751721007942082,0.027379288781440497,0.0
query_text_hash_000,0.06455084648344037,0.01623224923230222,0.0006200516910941185,0.027134382468945572,0.0006200516910941185
query_text_hash_016,0.05590852552884509,0.019561129980777872,0.004890466080178552,0.026786707196600507,0.004890466080178552
ua_text_hash_076,0.0,0.03203720781624523,0.04830924276779184,0.026782150194679024,0.0
sequence_transition_hash_019,0.05175494050447446,0.02837623208390134,0.0,0.026710390862791932,0.0
pointer_plus_speed_median,0.0,0.04994647512784145,0.029501442319191367,0.02648263914901094,0.0
pointer_plus_contact_chat_open_x_mean,0.01295849545636664,0.009163437065257433,0.05727933968984603,0.026467090737156706,0.009163437065257433
query_text_hash_047,0.040433313058689274,0.036438561700861474,0.0024773599707649465,0.026449744910105235,0.0024773599707649465
sequence_transition_hash_016,0.05302439504484494,0.023062372006113763,0.003177546303129326,0.026421437784696012,0.003177546303129326
ua_text_hash_053,0.001962752620807045,0.03397462249722752,0.04198163008495629,0.025973001734330287,0.001962752620807045
query_text_hash_006,0.05461639560591829,0.02319691998353665,0.0,0.02593777186315165,0.0
query_text_hash_071,0.021670803332260704,0.021936016438393227,0.03368578521295603,0.025764201661203318,0.021670803332260704
ua_text_hash_065,0.05281918299650783,0.018753782490563774,0.005636662438039566,0.02573654264170372,0.005636662438039566
main_category,0.06790548933560372,0.009022313159523294,0.0,0.025642600831709005,0.0
sequence_transition_hash_076,0.020713604948340732,0.02219679746095904,0.03330256476657553,0.025404322391958434,0.020713604948340732
query_text_hash_070,0.020378949029238078,0.04174655939488615,0.013949651123242816,0.025358386515789016,0.013949651123242816
sequence_transition_hash_059,0.0726974671955338,0.002380658277184973,0.0,0.025026041824239592,0.0
ua_text_hash_056,0.0,0.0030177681878997167,0.07183163854744519,0.024949802245114967,0.0
ua_text_hash_086,0.019986675047998736,0.020148031102421655,0.03459832387354157,0.02491101000798732,0.019986675047998736
ua_text_hash_087,0.029953253888188796,0.035314263812738014,0.008975157964405078,0.02474755855511063,0.008975157964405078
sequence_trigram_hash_073,0.02517819526216907,0.003350683176990211,0.045469178289311005,0.024666018909490096,0.003350683176990211
ua_text_hash_009,0.0032807130087158603,0.06718218343917416,0.0030510586099209954,0.024504651685937007,0.0030510586099209954
query_text_hash_076,0.05370080391624255,0.003270487092738066,0.01654061781499583,0.024503969607992147,0.003270487092738066
ua_text_hash_062,0.01994700360479839,0.027193373165810938,0.025850732742957697,0.024330369837855675,0.01994700360479839
sequence_trigram_hash_036,0.0,0.0,0.07263976540685738,0.024213255135619127,0.0
query_text_hash_067,0.0530355724135479,0.00859546930257226,0.009492563485034272,0.023707868400384812,0.00859546930257226
missing_pointer_y_share__search_results_view,0.0,0.07102220273896992,0.0,0.02367406757965664,0.0
item_history_rate_max,0.01792203679125329,0.0,0.052383284722184745,0.02343510717114601,0.0
ua_text_hash_038,0.03639438984095481,0.030612057535065518,0.003079087204443858,0.02336184486015473,0.003079087204443858
query_text_hash_080,0.023239322180732973,0.04655554649610373,0.0,0.023264956225612237,0.0
sequence_trigram_hash_004,0.0,0.02904719074957602,0.04068913600060762,0.023245442250061213,0.0
sequence_item_view__favorite_add,0.06584149572796628,0.0036723709582031873,0.0,0.023171288895389826,0.0
sequence_transition_hash_106,0.042812307799136376,0.015760459046869898,0.01056582328181882,0.023046196709275032,0.01056582328181882
missing_pattern_nunique,0.0,0.049097688120202494,0.01962255268834531,0.0229067469361826,0.0
sequence_trigram_hash_057,0.0303172514428706,0.02771164427846031,0.01015431320418591,0.02272773630850561,0.01015431320418591
query_text_hash_021,0.032238742053988044,0.023121938906296408,0.012524137122835344,0.02262827269437327,0.012524137122835344
pointer_web_share,0.0,0.0,0.06777560184496526,0.022591867281655086,0.0
query_text_hash_036,0.05892154437203525,0.0,0.008843794393201848,0.022588446255079036,0.0
pointer_plus_abs_acceleration_q90,0.034271473412534,0.018875617887603127,0.014424899712061644,0.022523997004066255,0.014424899712061644
sequence_trigram_hash_050,0.00841453368740397,0.042654068253548,0.015637537475353788,0.02223537980543525,0.00841453368740397
pointer_plus_speed_q90,0.0,0.05258872560244275,0.013874311017491849,0.022154345539978203,0.0
missing_item_id_share,0.002256621062465194,0.059842699322860855,0.003947604414981186,0.02201564160010241,0.002256621062465194
ua_text_hash_061,0.007731612212095411,0.039457603946460695,0.018542529143207632,0.021910581767254578,0.007731612212095411
sequence_trigram_hash_029,0.00341301042247531,0.05429260914641365,0.007557100171429713,0.021754239913439558,0.00341301042247531
sequence_transition_hash_007,0.026670199649829727,0.0,0.03826790273418554,0.021646034128005087,0.0
sequence_transition_hash_004,0.028350859404896903,0.01925914874646154,0.01717298980542559,0.021594332652261346,0.01717298980542559
sequence_trigram_hash_078,0.0,0.030338279634757128,0.0341921380785184,0.02151013923775851,0.0
pointer_plus_abs_turn_mean,0.062452331086089836,0.0,0.0015932046152178864,0.021348511900435907,0.0
sequence_transition_hash_092,0.06390554159203359,0.0,0.0,0.02130184719734453,0.0
sequence_trigram_hash_083,0.0,0.031201516872381495,0.032347799875606646,0.021183105582662714,0.0
sequence_transition_hash_116,0.03651885905031187,0.013239309084233396,0.011833085615073442,0.020530417916539572,0.011833085615073442
query_text_hash_086,0.0,0.06106213325843791,0.0004069651494701749,0.020489699469302694,0.0
query_text_hash_084,0.013029615394594572,0.02665743705868826,0.021769109254507323,0.02048538723593005,0.013029615394594572
ua_text_hash_047,0.0053580101986272985,0.04217277061429504,0.013900056816058376,0.020476945876326903,0.0053580101986272985
ua_text_hash_058,0.0030928851222435582,0.03700131398702167,0.020824169245369617,0.02030612278487828,0.0030928851222435582
sequence_trigram_hash_097,0.03391412584214459,0.003406188653777005,0.023145786689270233,0.020155367061730607,0.003406188653777005
ua_text_hash_071,0.0,0.05759896028195105,0.002846559432419565,0.02014850657145687,0.0
query_text_hash_052,0.0,0.029389028230531366,0.030767178999562557,0.020052069076697973,0.0
sequence_transition_hash_075,0.011559191593862156,0.011609104013120718,0.03688190910131888,0.02001673490276725,0.011559191593862156
ua_text_hash_023,0.02341894313672798,0.03612379301128398,0.0,0.019847578716003986,0.0
query_text_hash_026,0.01944169441696963,0.0,0.04004025706772015,0.01982731716156326,0.0
ua_text_hash_040,0.03028790375131016,0.0,0.02893580667386019,0.019741236808390118,0.0
query_text_hash_034,0.00044407118895294746,0.004946275605339703,0.050709303455652506,0.018699883416648386,0.00044407118895294746
query_text_hash_077,0.048385046026743136,0.0031270633868631663,0.003637230729550006,0.018383113381052103,0.0031270633868631663
sequence_trigram_hash_041,0.04888890782423029,0.0,0.006248798519164516,0.018379235447798268,0.0
sequence_trigram_hash_100,0.03997510950119106,0.01415691868486669,0.0,0.018044009395352584,0.0
sequence_transition_hash_042,0.009289467949007405,0.04163287337642133,0.003105305212415828,0.018009215512614855,0.003105305212415828
sequence_transition_hash_047,0.0,0.0,0.05350365211146779,0.0178345507038226,0.0
query_text_hash_055,0.0,0.017243806241738584,0.036120407466896494,0.01778807123621169,0.0
sequence_trigram_hash_052,0.0060965838230363665,0.03161053602007643,0.015502176810578928,0.017736432217897242,0.0060965838230363665
query_text_hash_041,0.030502230945328127,0.010209442207372047,0.011165047103252957,0.01729224008531771,0.010209442207372047
query_text_hash_017,0.009539334519854266,0.020275187348299268,0.021355242270835455,0.017056588046329663,0.009539334519854266
ua_text_hash_075,0.009136092753042576,0.02921901265257559,0.012173091401282853,0.016842732268967004,0.009136092753042576
sequence_trigram_hash_049,0.017390495085424028,0.03313551387543238,0.0,0.016842002986952136,0.0
ua_text_hash_021,0.0,0.015349034114055268,0.03504720123408957,0.01679874511604828,0.0
sequence_transition_hash_122,0.0,0.0,0.04907168771343285,0.01635722923781095,0.0
ua_text_hash_018,0.00478353296470341,0.0,0.04402456707683228,0.016269366680511894,0.0
pointer_plus_photo_swipe_y_mean,0.0,0.047600568099001796,0.0,0.015866856033000597,0.0
sequence_transition_hash_048,0.026401135807759477,0.009688535487455543,0.011041039395736104,0.01571023689698371,0.009688535487455543
sequence_transition_hash_060,0.022216410822210778,0.02419951101874845,0.00034270388868180585,0.015586208576547014,0.00034270388868180585
sequence_trigram_hash_043,0.0,0.014471044665696878,0.0316089267377007,0.015359990467799192,0.0
missing_item_category_share__favorite_add,0.0,0.0456605295431024,0.0,0.015220176514367467,0.0
ua_text_hash_019,0.026450435913443395,0.01736717401521283,0.0018369925062989405,0.015218200811651724,0.0018369925062989405
sequence_trigram_hash_071,0.022134768590655135,0.0028190455801753605,0.019999775095381245,0.014984529755403915,0.0028190455801753605
sequence_transition_hash_085,0.0008352699149274612,0.03392522133207652,0.010015769035841848,0.014925420094281943,0.0008352699149274612
query_text_hash_073,0.02468103647593803,0.0016393106539858882,0.01771046673706718,0.014676937955663697,0.0016393106539858882
ua_text_hash_002,0.0,0.04130496417661764,0.002406528543444545,0.01457049757335406,0.0
query_text_hash_035,0.01869275961213528,0.02498458310057866,0.0,0.014559114237571313,0.0
missing_item_category_share__photo_swipe,0.043392248273887726,0.0,0.0,0.014464082757962576,0.0
ua_os,0.03713094325371892,0.0,0.004859746726373912,0.013996896660030943,0.0
sequence_trigram_hash_089,0.012399049087390599,0.01756773243861202,0.011493468428260089,0.013820083318087569,0.011493468428260089
ua_text_hash_035,0.03541941086562054,0.004509802672389245,0.0014482040453499938,0.013792472527786592,0.0014482040453499938
ua_text_hash_068,0.0011089268399996513,0.0015033650941433448,0.03872199288075025,0.013778094938297748,0.0011089268399996513
ua_text_hash_048,0.015507935280775318,0.009768399173137833,0.016041873769719616,0.013772736074544255,0.009768399173137833
query_text_hash_001,0.00920925656095126,0.021716968352552823,0.009527860928487192,0.01348469528066376,0.00920925656095126
missing_search_query_share,0.00960476867249201,0.0,0.030622281650626717,0.013409016774372909,0.0
sequence_transition_hash_017,0.0,0.0,0.039528594036948285,0.013176198012316094,0.0
pointer_plus_seller_page_view_y_mean,0.012682949367887443,0.017760395619300266,0.008978140782739003,0.013140495256642237,0.008978140782739003
ua_text_hash_073,0.009834280326950866,0.0049161590169255935,0.024171465000535824,0.012973968114804094,0.0049161590169255935
sequence_trigram_hash_116,0.03165125900704552,0.0,0.007168641369516904,0.012939966792187474,0.0
ua_text_hash_014,0.03155527970795901,0.0,0.00694662398425388,0.012833967897404297,0.0
query_text_hash_072,0.0004538786946625229,0.023082466572206833,0.014216617076799158,0.012584320781222838,0.0004538786946625229
sequence_trigram_hash_047,0.005583861495412246,0.009769536633604801,0.02232112719068344,0.01255817510656683,0.005583861495412246
ua_text_version_token_count,0.03754860778153015,0.0,0.0,0.012516202593843383,0.0
query_text_hash_002,0.037176893002245255,0.0,0.0,0.012392297667415085,0.0
frequency_category_platform,0.0,0.026817435996190006,0.010347301185328272,0.012388245727172759,0.0
missing_seller_type_share,0.006905107540220238,0.0,0.030155972645111932,0.012353693395110723,0.0
ua_text_hash_067,0.0,0.01109950296501831,0.02552293977099686,0.012207480912005056,0.0
ua_text_hash_093,0.03657746041576589,0.0,0.0,0.012192486805255297,0.0
sequence_trigram_hash_105,0.0,0.036500585561492764,0.0,0.012166861853830922,0.0
sequence_transition_hash_078,0.0,0.03609344765103198,0.0,0.012031149217010659,0.0
pointer_plus_contact_message_sent_x_mean,0.0,0.0,0.0344368784132885,0.011478959471096166,0.0
query_text_hash_043,0.0,0.0,0.03346740089233746,0.01115580029744582,0.0
ua_text_hash_000,0.0009677790486766637,0.020133934707086507,0.012252474599287248,0.011118062785016807,0.0009677790486766637
query_text_hash_032,0.0,0.001761609328310859,0.03145935979308984,0.011073656373800235,0.0
sequence_trigram_hash_015,0.016147425791077082,0.005987641368273491,0.010974080766895452,0.011036382642082008,0.005987641368273491
ua_text_hash_079,0.017306920900824304,0.014609765831466807,0.0010749341113758034,0.010997206947888971,0.0010749341113758034
sequence_transition_hash_025,0.00022860847198899,0.0,0.03201989603880486,0.01074950150359795,0.0
pointer_plus_photo_swipe_x_mean,0.00012920450634262888,0.0,0.03190623892149816,0.010678481142613596,0.0
ua_text_hash_008,0.019850617816145597,0.01153377237394561,0.0,0.010461463396697068,0.0
ua_text_hash_001,0.011198058466787756,0.019938677214124536,0.0,0.01037891189363743,0.0
ua_text_hash_028,0.0012284168314786678,0.009006330246523241,0.020765714032445322,0.010333487036815744,0.0012284168314786678
sequence_trigram_hash_098,0.02585684606247683,0.0,0.0048210592893431665,0.010225968450606665,0.0
ua_text_hash_017,0.011425386045007351,0.010843321641847196,0.008342329414196359,0.010203679033683634,0.008342329414196359
query_text_hash_060,0.01608111515867314,0.012361510855173402,0.00211950915482716,0.0101873783895579,0.00211950915482716
sequence_trigram_hash_033,0.0,0.0,0.02997629637745426,0.009992098792484753,0.0
sequence_trigram_hash_025,0.0,0.0,0.029558402916345695,0.009852800972115232,0.0
query_text_hash_074,0.023664790269002794,0.0,0.005195398721768066,0.00962006299692362,0.0
query_text_hash_090,0.013994099895970216,0.0144293316551979,0.0,0.009474477183722706,0.0
sequence_trigram_hash_063,0.0,0.026885075193764086,0.0013950796119401104,0.009426718268568066,0.0
query_text_hash_022,0.0015869733907918672,0.026139507536182962,0.00048314617777993666,0.009403209034918255,0.00048314617777993666
query_text_hash_057,0.026540229163971515,0.0,0.001053140725076298,0.009197789963015937,0.0
sequence_trigram_hash_088,0.022626538223826133,0.0044505812253825385,0.0,0.009025706483069556,0.0
query_text_hash_087,0.01542164069080705,0.0,0.011519270663991232,0.008980303784932761,0.0
query_text_hash_018,0.005894029128769559,0.002183504090724719,0.018702931152490138,0.008926821457328139,0.002183504090724719
query_text_hash_056,0.015765077805989017,0.0015895122538310343,0.009179637545219764,0.008844742535013272,0.0015895122538310343
sequence_trigram_hash_021,0.01360876057871176,0.012755118536522156,0.0,0.008787959705077971,0.0
sequence_trigram_hash_115,0.01648968584073906,0.008762524455243538,0.0010970136118267674,0.008783074635936455,0.0010970136118267674
sequence_transition_hash_074,0.0,0.017482429531203485,0.00866423126692221,0.008715553599375231,0.0
sequence_trigram_hash_091,0.011489012235207582,0.012084296006394251,0.0023885042921365477,0.008653937511246127,0.0023885042921365477
sequence_transition_hash_051,0.02577481547470922,0.0,0.0,0.008591605158236407,0.0
sequence_trigram_hash_026,0.006944858816989165,0.0,0.01849489640652026,0.008479918407836474,0.0
ua_text_hash_037,0.008971210512369163,0.0,0.016294994883837198,0.00842206846540212,0.0
sequence_multi_event_moment_share,0.0,0.025000211131837743,0.0,0.00833340371061258,0.0
query_text_hash_008,0.0,0.020558394590790223,0.0037081389231535472,0.008088844504647924,0.0
sequence_transition_hash_052,0.005150602250450042,0.0036201791784809187,0.014764920585836644,0.007845234004922534,0.0036201791784809187
query_text_hash_015,0.0004896406063093813,0.001743658387672588,0.021270294750490786,0.007834531248157585,0.0004896406063093813
sequence_trigram_hash_081,0.0,0.0033555610009694944,0.02007032360285349,0.0078086282012743286,0.0
missing_pointer_y_share__contact_message_sent,0.0,0.023058781559048936,0.0,0.007686260519682978,0.0
sequence_trigram_hash_010,0.0,0.00717651890332949,0.015607096223279765,0.0075945383755364184,0.0
sequence_transition_hash_036,0.013620730670041253,0.007452043111982172,0.0014756338238540872,0.007516135868625837,0.0014756338238540872
sequence_transition_hash_097,0.002251596710632163,0.020240208556817983,0.0,0.007497268422483382,0.0
main_seller_type,0.02071982626583096,0.000634302843486543,0.0009589468964766599,0.007437692001931388,0.000634302843486543
ua_text_hash_004,0.008662148881092034,0.005248369548157646,0.008137653378133252,0.007349390602460978,0.005248369548157646
sequence_trigram_hash_106,0.0,0.009156182413904505,0.012805184442366517,0.0073204556187570075,0.0
sequence_trigram_hash_064,0.0,0.0,0.0217267900480328,0.007242263349344267,0.0
sequence_trigram_hash_087,0.021514921154478416,0.0,0.0,0.007171640384826139,0.0
sequence_transition_hash_090,0.009756290557263545,0.011589401289319094,0.0,0.007115230615527546,0.0
sequence_trigram_hash_112,0.018155857446849256,0.0016843538722941273,0.0,0.006613403773047795,0.0
ua_text_hash_054,0.0016352231138227556,0.0,0.017992809575825757,0.006542677563216171,0.0
query_text_word_count,0.013029834611643,0.006022873635853219,0.0,0.006350902749165406,0.0
sequence_trigram_hash_039,0.0,0.0,0.01893675464006187,0.0063122515466872905,0.0
sequence_trigram_hash_051,0.012525718467448592,0.006174806657404261,0.0,0.006233508374950951,0.0
sequence_transition_hash_005,0.014358056119414224,0.004039176207140685,0.0,0.006132410775518303,0.0
category_platform,0.0,0.018231962343098197,0.0,0.006077320781032732,0.0
pointer_plus_item_view_y_mean,0.0,0.017752896330659736,0.0,0.005917632110219912,0.0
ua_text_hash_015,0.006861758005314681,0.010888386802513675,0.0,0.005916714935942785,0.0
missing_search_page_share,0.006857314878476058,0.010647856704005268,0.0,0.005835057194160442,0.0
query_text_hash_027,0.015273036444266261,0.0,0.001996313747183173,0.005756450063816479,0.0
missing_fields_max,0.0,0.011466934862585187,0.0053235699442317624,0.00559683493560565,0.0
missing_item_location_share__search_results_view,0.0012612960456718355,0.0035618971215629998,0.011714894646914845,0.005512695938049893,0.0012612960456718355
ua_text_hash_031,0.015733139465751212,0.0003583852437028254,0.0,0.0053638415698180125,0.0
ua_text_hash_066,0.015261698002950345,0.0,0.0,0.0050872326676501154,0.0
ua_text_hash_022,0.0009832881460237323,0.013330694872529617,0.0,0.0047713276728511165,0.0
sequence_transition_hash_088,0.008576281670631916,0.0013339006554087358,0.003715648469783803,0.0045419435986081514,0.0013339006554087358
missing_item_location_share__favorite_add,0.013495742832262807,0.0,0.0,0.004498580944087603,0.0
sequence_trigram_hash_060,0.0,0.013206414040682755,0.0,0.004402138013560919,0.0
ua_text_hash_072,0.0,0.0,0.013161135542559146,0.004387045180853049,0.0
pointer_plus_item_view_share,0.0,0.0,0.013058144676255802,0.004352714892085267,0.0
pointer_plus_abs_turn_max,0.0,0.012834701607766128,0.0,0.004278233869255376,0.0
ua_text_hash_074,0.012357460443822306,0.0,0.0,0.004119153481274102,0.0
ua_text_hash_085,0.0,0.0,0.011931085533718515,0.003977028511239505,0.0
pointer_plus_contact_message_sent_y_mean,0.0,0.0006058664970747933,0.011285608829111657,0.0039638251087288166,0.0
sequence_transition_hash_117,0.011870218869168158,0.0,0.0,0.003956739623056053,0.0
sequence_transition_hash_003,0.011323620564928229,0.0,0.0005210613051267072,0.003948227290018312,0.0
query_text_hash_081,0.0,0.011405822168819892,0.0,0.0038019407229399637,0.0
ua_text_hash_044,0.0,0.0,0.011375111608756316,0.003791703869585439,0.0
missing_item_location_share__photo_swipe,0.011017579934442339,0.0,0.0,0.003672526644814113,0.0
query_text_hash_068,0.008101314671490329,0.0,0.0028828985079002735,0.0036614043931302007,0.0
ua_text_hash_042,0.010695999846326496,0.0,0.0,0.003565333282108832,0.0
main_platform,0.003082534837533494,0.007311602731816128,0.0,0.003464712523116541,0.0
sequence_trigram_hash_056,0.0,0.0,0.010222614127896134,0.003407538042632045,0.0
sequence_transition_hash_065,0.0001247161110795157,0.0,0.009243253221670364,0.00312265644424996,0.0
sequence_trigram_hash_003,0.0018958502947457824,0.002213881784454265,0.004774059679176613,0.0029612639194588866,0.0018958502947457824
sequence_transition_hash_098,0.0,0.008774342823686596,0.0,0.0029247809412288653,0.0
sequence_transition_hash_034,0.0,0.0,0.008570081873500505,0.0028566939578335017,0.0
sequence_item_view__contact_chat_open,0.0,0.0,0.008406762696550624,0.0028022542321835416,0.0
pointer_plus_contact_chat_open_y_mean,0.0076652452784572505,0.0,0.00035566479241536006,0.00267363669029087,0.0
ua_text_hash_083,0.007763983569485928,0.0,0.0,0.002587994523161976,0.0
ua_family,0.0,0.00589666678443433,0.00186149581265597,0.0025860541990301,0.0
sequence_transition_hash_055,0.0,0.004203027480744555,0.0034883128231527507,0.0025637801012991022,0.0
pointer_plus_seller_page_view_share,0.007570640218452388,0.0,0.0,0.0025235467394841295,0.0
ua_text_hash_059,0.007417817453966727,0.0,0.0,0.002472605817988909,0.0
sequence_trigram_hash_022,0.0031834034406345206,0.00406350573669612,0.0,0.002415636392443547,0.0
sequence_transition_hash_064,0.00720873160408667,0.0,0.0,0.0024029105346955568,0.0
sequence_transition_hash_086,0.006632659830626451,0.0005054028687436371,0.0,0.002379354233123363,0.0
sequence_trigram_hash_077,0.0,0.00364481809282533,0.0034798825652450917,0.0023749002193568076,0.0
query_text_hash_019,0.0,0.0007274486738392811,0.006208226508110194,0.0023118917273164917,0.0
missing_seller_type_share__seller_page_view,0.006420188830596315,0.0,0.0,0.002140062943532105,0.0
sequence_transition_hash_030,0.0,0.0,0.006086141818329575,0.0020287139394431918,0.0
sequence_transition_hash_071,0.002475649077350461,0.0022280536216287947,0.0012728078263599797,0.0019921701751130783,0.0012728078263599797
sequence_trigram_hash_121,0.0,0.005958890392782503,0.0,0.0019862967975941676,0.0
sequence_transition_hash_049,0.0,0.0,0.005872732108892349,0.0019575773696307833,0.0
sequence_transition_hash_084,0.002460313990620875,0.0,0.00273870881035777,0.001733007600326215,0.0
pointer_plus_abs_turn_q90,0.0008508355276616488,0.0006305044514018183,0.003427229575793046,0.0016361898516188376,0.0006305044514018183
sequence_transition_hash_080,0.004808178337772247,0.0,0.0,0.001602726112590749,0.0
sequence_trigram_hash_074,0.0,0.0,0.004196720150462026,0.0013989067168206752,0.0
sequence_trigram_hash_053,0.0,0.003215438215294853,0.0004949983319063295,0.0012368121824003942,0.0
pointer_plus_favorite_add_x_mean,0.0,0.0,0.0036673105082151223,0.0012224368360717074,0.0
pointer_plus_speed_std,0.0028760364473918785,0.0,0.0007493739701271764,0.0012084701391730183,0.0
sequence_trigram_hash_118,0.0,0.0,0.0035568827967340545,0.0011856275989113516,0.0
sequence_trigram_hash_067,0.0,0.0,0.0033750236485186914,0.0011250078828395637,0.0
query_text_hash_049,0.0006891347791777194,0.0007737532607099399,0.0009531635966439272,0.0008053505455105289,0.0006891347791777194
sequence_transition_hash_063,0.0008890452524421519,0.001522911234826765,0.0,0.0008039854957563056,0.0
sequence_trigram_hash_016,0.0,0.002049227233752056,0.0002945013782065098,0.0007812428706528554,0.0
sequence_trigram_hash_123,0.002268750375165969,0.0,0.0,0.000756250125055323,0.0
ua_text_hash_033,0.0,0.0,0.002051287958991219,0.0006837626529970731,0.0
sequence_trigram_hash_028,0.0,0.001894851288365544,0.0,0.000631617096121848,0.0
sequence_transition_hash_067,0.0,0.0014996902646927037,0.0,0.0004998967548975678,0.0
sequence_trigram_hash_066,0.0,0.0013927890973005198,0.0,0.0004642630324335066,0.0
pointer_plus_abs_turn_std,0.0013377244688259566,0.0,0.0,0.00044590815627531887,0.0
pointer_plus_login_x_mean,0.00010362097665738485,0.0,0.001117067790893176,0.0004068962558501869,0.0
sequence_trigram_hash_099,0.0,0.0011568684470084872,0.0,0.0003856228156694957,0.0
sequence_transition_hash_010,0.0,0.0,0.0011482952817698775,0.0003827650939232925,0.0
sequence_trigram_hash_017,0.0011030838318424536,0.0,0.0,0.0003676946106141512,0.0
missing_item_category_share__contact_message_sent,0.0,0.0,0.0010361395808473753,0.00034537986028245843,0.0
pointer_plus_x_last_digit_entropy,0.0,0.0,0.0008839811736377741,0.0002946603912125914,0.0
pointer_plus_seller_page_view_x_mean,0.0,0.0008556567951288112,0.0,0.00028521893170960373,0.0
item_history_count_max,0.0,0.0006995458751873712,0.0,0.0002331819583957904,0.0
pointer_plus_seller_page_view_count,0.0,0.0006940294638025478,0.0,0.00023134315460084925,0.0
sequence_transition_hash_033,0.0006373741143709167,0.0,0.0,0.0002124580381236389,0.0
sequence_transition_hash_109,0.0006163909382226206,0.0,0.0,0.00020546364607420685,0.0
pointer_plus_y_multiple_100_share,0.0,0.0,0.0005547769106160215,0.00018492563687200715,0.0
pointer_plus_x_multiple_50_share,0.0,0.0005243673987491453,0.0,0.00017478913291638177,0.0
pointer_plus_y_multiple_25_share,0.0003721310338337603,0.0,0.0,0.00012404367794458676,0.0
sequence_transition_hash_028,0.0,0.0,0.00024881393175976035,8.293797725325345e-05,0.0
missing_item_location_share__contact_message_sent,0.0,0.0,0.0,0.0,0.0
missing_item_location_share__contact_phone_show,0.0,0.0,0.0,0.0,0.0
missing_item_id_share__seller_page_view,0.0,0.0,0.0,0.0,0.0
missing_item_id_share__search_results_view,0.0,0.0,0.0,0.0,0.0
missing_item_id_share__photo_swipe,0.0,0.0,0.0,0.0,0.0
missing_item_location_share__contact_chat_open,0.0,0.0,0.0,0.0,0.0
sequence_transition_hash_008,0.0,0.0,0.0,0.0,0.0
missing_item_id_share__item_view,0.0,0.0,0.0,0.0,0.0
missing_item_id_share__login,0.0,0.0,0.0,0.0,0.0
sequence_transition_hash_009,0.0,0.0,0.0,0.0,0.0
missing_item_category_share__seller_page_view,0.0,0.0,0.0,0.0,0.0
missing_item_id_share__contact_chat_open,0.0,0.0,0.0,0.0,0.0
missing_item_id_share__contact_message_sent,0.0,0.0,0.0,0.0,0.0
missing_item_id_share__contact_phone_show,0.0,0.0,0.0,0.0,0.0
missing_item_id_share__favorite_add,0.0,0.0,0.0,0.0,0.0
sequence_trigram_hash_011,0.0,0.0,0.0,0.0,0.0
pointer_plus_photo_swipe_share,0.0,0.0,0.0,0.0,0.0
pointer_plus_photo_swipe_count,0.0,0.0,0.0,0.0,0.0
pointer_plus_login_y_mean,0.0,0.0,0.0,0.0,0.0
sequence_transition_hash_073,0.0,0.0,0.0,0.0,0.0
sequence_transition_hash_072,0.0,0.0,0.0,0.0,0.0
sequence_transition_hash_069,0.0,0.0,0.0,0.0,0.0
sequence_transition_hash_000,0.0,0.0,0.0,0.0,0.0
missing_pointer_y_share__seller_page_view,0.0,0.0,0.0,0.0,0.0
missing_search_page_share__favorite_add,0.0,0.0,0.0,0.0,0.0
missing_search_page_share__contact_phone_show,0.0,0.0,0.0,0.0,0.0
missing_search_page_share__contact_message_sent,0.0,0.0,0.0,0.0,0.0
missing_pointer_y_share__photo_swipe,0.0,0.0,0.0,0.0,0.0
missing_search_page_share__contact_chat_open,0.0,0.0,0.0,0.0,0.0
missing_pointer_y_share__favorite_add,0.0,0.0,0.0,0.0,0.0
missing_pointer_y_share__login,0.0,0.0,0.0,0.0,0.0
missing_item_location_share__item_view,0.0,0.0,0.0,0.0,0.0
category_seller,0.0,0.0,0.0,0.0,0.0
missing_pointer_y_share__contact_phone_show,0.0,0.0,0.0,0.0,0.0
sequence_transition_hash_032,0.0,0.0,0.0,0.0,0.0
sequence_transition_hash_029,0.0,0.0,0.0,0.0,0.0
sequence_transition_hash_031,0.0,0.0,0.0,0.0,0.0
sequence_transition_hash_023,0.0,0.0,0.0,0.0,0.0
sequence_transition_hash_026,0.0,0.0,0.0,0.0,0.0
sequence_transition_hash_022,0.0,0.0,0.0,0.0,0.0
sequence_transition_hash_021,0.0,0.0,0.0,0.0,0.0
pointer_plus_contact_phone_show_x_mean,0.0,0.0,0.0,0.0,0.0
pointer_plus_contact_phone_show_share,0.0,0.0,0.0,0.0,0.0
sequence_transition_hash_119,0.0,0.0,0.0,0.0,0.0
sequence_transition_hash_123,0.0,0.0,0.0,0.0,0.0
sequence_trigram_hash_018,0.0,0.0,0.0,0.0,0.0
sequence_trigram_hash_012,0.0,0.0,0.0,0.0,0.0
pointer_plus_abs_acceleration_std,0.0,0.0,0.0,0.0,0.0
pointer_plus_abs_acceleration_mean,0.0,0.0,0.0,0.0,0.0
missing_user_agent_share__seller_page_view,0.0,0.0,0.0,0.0,0.0
missing_user_agent_share__search_results_view,0.0,0.0,0.0,0.0,0.0
sequence_transition_hash_057,0.0,0.0,0.0,0.0,0.0
missing_user_agent_share__photo_swipe,0.0,0.0,0.0,0.0,0.0
pointer_plus_contact_chat_open_count,0.0,0.0,0.0,0.0,0.0
pointer_plus_contact_chat_open_share,0.0,0.0,0.0,0.0,0.0
sequence_trigram_hash_058,0.0,0.0,0.0,0.0,0.0
pointer_plus_contact_message_sent_share,0.0,0.0,0.0,0.0,0.0
pointer_plus_contact_message_sent_count,0.0,0.0,0.0,0.0,0.0
sequence_trigram_hash_069,0.0,0.0,0.0,0.0,0.0
sequence_trigram_hash_082,0.0,0.0,0.0,0.0,0.0
sequence_trigram_hash_085,0.0,0.0,0.0,0.0,0.0
sequence_trigram_hash_094,0.0,0.0,0.0,0.0,0.0
pointer_plus_cell_entropy_100,0.0,0.0,0.0,0.0,0.0
sequence_trigram_hash_096,0.0,0.0,0.0,0.0,0.0
sequence_trigram_hash_102,0.0,0.0,0.0,0.0,0.0
pointer_plus_contact_phone_show_count,0.0,0.0,0.0,0.0,0.0
pointer_plus_item_view_count,0.0,0.0,0.0,0.0,0.0
pointer_plus_login_count,0.0,0.0,0.0,0.0,0.0
pointer_plus_login_share,0.0,0.0,0.0,0.0,0.0
sequence_transition_hash_043,0.0,0.0,0.0,0.0,0.0
pointer_plus_favorite_add_count,0.0,0.0,0.0,0.0,0.0
sequence_transition_hash_046,0.0,0.0,0.0,0.0,0.0
sequence_transition_hash_054,0.0,0.0,0.0,0.0,0.0
sequence_trigram_hash_001,0.0,0.0,0.0,0.0,0.0
sequence_trigram_hash_007,0.0,0.0,0.0,0.0,0.0
sequence_trigram_hash_008,0.0,0.0,0.0,0.0,0.0
sequence_trigram_hash_035,0.0,0.0,0.0,0.0,0.0
sequence_transition_hash_112,0.0,0.0,0.0,0.0,0.0
sequence_transition_hash_118,0.0,0.0,0.0,0.0,0.0
missing_search_query_share__seller_page_view,0.0,0.0,0.0,0.0,0.0
missing_search_query_share__search_results_view,0.0,0.0,0.0,0.0,0.0
missing_search_query_share__photo_swipe,0.0,0.0,0.0,0.0,0.0
missing_search_query_share__login,0.0,0.0,0.0,0.0,0.0
missing_search_query_share__item_view,0.0,0.0,0.0,0.0,0.0
missing_search_query_share__favorite_add,0.0,0.0,0.0,0.0,0.0
missing_search_query_share__contact_phone_show,0.0,0.0,0.0,0.0,0.0
missing_search_query_share__contact_message_sent,0.0,0.0,0.0,0.0,0.0
missing_search_query_share__contact_chat_open,0.0,0.0,0.0,0.0,0.0
missing_search_page_share__seller_page_view,0.0,0.0,0.0,0.0,0.0
missing_search_page_share__search_results_view,0.0,0.0,0.0,0.0,0.0
missing_search_page_share__photo_swipe,0.0,0.0,0.0,0.0,0.0
missing_search_page_share__login,0.0,0.0,0.0,0.0,0.0
missing_search_page_share__item_view,0.0,0.0,0.0,0.0,0.0
missing_seller_type_share__contact_chat_open,0.0,0.0,0.0,0.0,0.0
missing_user_agent_share__contact_message_sent,0.0,0.0,0.0,0.0,0.0
sequence_transition_hash_100,0.0,0.0,0.0,0.0,0.0
sequence_transition_hash_093,0.0,0.0,0.0,0.0,0.0
missing_user_agent_share__item_view,0.0,0.0,0.0,0.0,0.0
sequence_transition_hash_077,0.0,0.0,0.0,0.0,0.0
missing_user_agent_share__favorite_add,0.0,0.0,0.0,0.0,0.0
missing_user_agent_share__contact_phone_show,0.0,0.0,0.0,0.0,0.0
missing_user_agent_share__contact_chat_open,0.0,0.0,0.0,0.0,0.0
sequence_transition_hash_104,0.0,0.0,0.0,0.0,0.0
pointer_plus_unique_share,0.0,0.0,0.0,0.0,0.0
pointer_plus_share,0.0,0.0,0.0,0.0,0.0
pointer_plus_search_results_view_x_mean,0.0,0.0,0.0,0.0,0.0
missing_seller_type_share__favorite_add,0.0,0.0,0.0,0.0,0.0
missing_seller_type_share__search_results_view,0.0,0.0,0.0,0.0,0.0
missing_user_agent_share,0.0,0.0,0.0,0.0,0.0
missing_seller_type_share__login,0.0,0.0,0.0,0.0,0.0
missing_seller_type_share__photo_swipe,0.0,0.0,0.0,0.0,0.0
pointer_plus_zero_step_share,0.0,0.0,0.0,0.0,0.0
pointer_plus_y_multiple_50_share,0.0,0.0,0.0,0.0,0.0
pointer_plus_x_multiple_25_share,0.0,0.0,0.0,0.0,0.0
pointer_plus_x_multiple_5_share,0.0,0.0,0.0,0.0,0.0
pointer_plus_x_multiple_100_share,0.0,0.0,0.0,0.0,0.0
sequence_trigram_hash_109,0.0,0.0,0.0,0.0,0.0
missing_user_agent_share__login,0.0,0.0,0.0,0.0,0.0
sequence_transition_hash_111,0.0,0.0,0.0,0.0,0.0
sequence_trigram_hash_114,0.0,0.0,0.0,0.0,0.0
sequence_trigram_hash_120,0.0,0.0,0.0,0.0,0.0
sequence_trigram_hash_122,0.0,0.0,0.0,0.0,0.0
sequence_trigram_hash_125,0.0,0.0,0.0,0.0,0.0
missing_item_location_share__login,0.0,0.0,0.0,0.0,0.0
missing_pointer_x_share__contact_chat_open,0.0,0.0,0.0,0.0,0.0
sequence_trigram_hash_110,0.0,0.0,0.0,0.0,0.0
sequence_transition_hash_107,0.0,0.0,0.0,0.0,0.0
missing_pointer_x_share__contact_phone_show,0.0,0.0,0.0,0.0,0.0
missing_pointer_x_share__contact_message_sent,0.0,0.0,0.0,0.0,0.0
missing_pointer_x_share__favorite_add,0.0,0.0,0.0,0.0,0.0
missing_pointer_x_share__login,0.0,0.0,0.0,0.0,0.0
sequence_transition_hash_011,0.0,0.0,0.0,0.0,0.0
sequence_transition_hash_015,0.0,0.0,0.0,0.0,0.0
missing_pointer_x_share__seller_page_view,0.0,0.0,0.0,0.0,0.0
missing_pointer_y_share__contact_chat_open,0.0,0.0,0.0,0.0,0.0
sequence_item_view__contact_phone_show,0.0,0.0,0.0,0.0,0.0
sequence_search_results_view__item_view,0.0,0.0,0.0,0.0,0.0
sequence_contact_chat_open__contact_message_sent,0.0,0.0,0.0,0.0,0.0
main_location,0.0,0.0,0.0,0.0,0.0
frequency_main_seller_type,0.0,0.0,0.0,0.0,0.0
missing_item_category_share__contact_phone_show,0.0,0.0,0.0,0.0,0.0
missing_item_category_share__login,0.0,0.0,0.0,0.0,0.0
filled_pointer_x_share,0.0,0.0,0.0,0.0,0.0
