experiment,feature_set,model,feature_count,total_fit_seconds,mean_precision_at_recall_70,std_precision_at_recall_70,last_fold_precision_at_recall_70,mean_average_precision,mean_roc_auc,pooled_precision_at_recall_70,pooled_average_precision,pooled_roc_auc
catboost_full_behavior,full_behavior,catboost,660,287.99588239984587,0.7140493113049685,0.05477748866236444,0.7832167832167832,0.7698525418584987,0.9376782626718464,0.684964200477327,0.7691629402935676,0.9371016447816239
catboost_extended_behavior,extended_behavior,catboost,1026,336.7640952002257,0.6671342841555608,0.06710752982057466,0.7619047619047619,0.765969514987198,0.9367122960516919,0.6992665036674817,0.7652309917935215,0.935539164119256
random_forest_full_behavior,full_behavior,random_forest,660,16.664193600183353,0.637573137153674,0.05710319191799008,0.717948717948718,0.730316347356052,0.9126931842399627,0.6258205689277899,0.728484597538508,0.9129347615334794
random_forest_extended_behavior,extended_behavior,random_forest,1026,20.110813200008124,0.6080131103074141,0.07219977880334248,0.7088607594936709,0.7266989981014467,0.9100735310082326,0.6327433628318584,0.7246535036397854,0.9108731121314506
catboost_behavior_structure,behavior_structure,catboost,437,235.0760522999335,0.5339067006416627,0.03949977715359875,0.5458937198067633,0.7119347787960186,0.9099132530584871,0.5335820895522388,0.7094932937980254,0.9079162592872202
catboost_temporal_behavior,temporal_behavior,catboost,145,200.11461209971458,0.4956069893310306,0.021639811735940786,0.49777777777777776,0.6971146014034115,0.9004780168922178,0.5061946902654867,0.6955081231481779,0.8997006018902406
random_forest_behavior_structure,behavior_structure,random_forest,437,10.66812580008991,0.4906479727169382,0.05272042055478129,0.5517241379310345,0.6709599901339941,0.883587273019196,0.44272445820433437,0.669126658725641,0.8827231923697314
catboost_basic_behavior,basic_behavior,catboost,58,188.0156587997917,0.4330694419735515,0.0537853417944058,0.509090909090909,0.66341574194765,0.8769952668827443,0.40883190883190884,0.6612084116333553,0.8760499044978817
logistic_regression_full_behavior,full_behavior,logistic_regression,660,7.108061200240627,0.4271917156743339,0.019936857137795416,0.45161290322580644,0.6412430428878502,0.8938047056931526,0.4307228915662651,0.6364798387936419,0.8930675362928675
logistic_regression_temporal_behavior,temporal_behavior,logistic_regression,145,1.154286100063473,0.40191497916492724,0.048357975685410316,0.4534412955465587,0.6692951312334782,0.8817429713365105,0.3994413407821229,0.6675922887936128,0.8804047392152736
random_forest_temporal_behavior,temporal_behavior,random_forest,145,8.459509799955413,0.38960245452762776,0.02937758278923954,0.3877551020408163,0.6470553287536921,0.8726018633761248,0.3864864864864865,0.646385169493876,0.872483529494272
logistic_regression_extended_behavior,extended_behavior,logistic_regression,1026,10.619851699797437,0.34604970701151744,0.04284623817704121,0.3877551020408163,0.5950796953380184,0.8751770953753497,0.3561643835616438,0.59127087339397,0.873772704958272
logistic_regression_behavior_structure,behavior_structure,logistic_regression,437,3.315374899888411,0.3448838571822443,0.05291964467454145,0.41025641025641024,0.6230450416700015,0.8668224968125801,0.3492063492063492,0.6196793571309431,0.8658107572926077
logistic_regression_basic_behavior,basic_behavior,logistic_regression,58,0.4360774999950081,0.3189416182830472,0.05171855451246826,0.37919463087248323,0.596936101144414,0.8612643032372643,0.3052294557097118,0.5950482213304318,0.8601239464858108
random_forest_basic_behavior,basic_behavior,random_forest,58,3.8395583999808878,0.30410541987034523,0.026514054568399475,0.3210227272727273,0.6019068216179883,0.8496735376399182,0.3023255813953488,0.5988596863754971,0.8491275376129833
catboost_minimal_baseline,minimal_baseline,catboost,2,7.731789499986917,0.1082729540884771,0.015460435494901231,0.11050228310502283,0.23104544518994982,0.6600689415442645,0.1085820895522388,0.22097646205174368,0.6569253990255897
random_forest_minimal_baseline,minimal_baseline,random_forest,2,3.0088703997898847,0.10098665044780959,0.00765300487400809,0.10646387832699619,0.22227199865102265,0.628772037463787,0.0989010989010989,0.21259390244377793,0.6261066282182975
logistic_regression_minimal_baseline,minimal_baseline,logistic_regression,2,0.0608774998690933,0.09451104795803238,0.00921574506701423,0.09921671018276762,0.22650834180941234,0.6194326254941036,0.09382151029748284,0.21986535243245175,0.6171264897711661
