depth,iterations,mean_precision_at_recall_70,std_precision_at_recall_70,mean_average_precision,mean_roc_auc
3,1200,0.7265,0.0192,0.7883,0.9435
9,1200,0.7221,0.0237,0.7813,0.9444
7,1200,0.7206,0.0189,0.7876,0.9433
3,1500,0.7188,0.0228,0.7872,0.9432
7,700,0.7188,0.0092,0.7913,0.9459
7,1500,0.7159,0.0362,0.783,0.9413
5,1500,0.7143,0.0012,0.7897,0.9453
5,1200,0.7137,0.0006,0.7902,0.9464
9,700,0.7128,0.0168,0.786,0.946
5,700,0.7098,0.0138,0.7932,0.9482
5,300,0.7089,0.0184,0.7674,0.9339
3,700,0.7088,0.037,0.7859,0.9434
7,300,0.681,0.0065,0.7694,0.9383
9,300,0.6581,0.0111,0.7538,0.9361
3,300,0.6032,0.0345,0.7547,0.9336
